playlist_id,playlist_name,playlist_img,playlist_owner_name,playlist_owner_id,danceability,energy,key,loudness,mode,speechiness,acousticness,instrumentalness,liveness,valence,tempo,track.id,analysis_url,time_signature,added_at,is_local,primary_color,added_by.href,added_by.id,added_by.type,added_by.uri,added_by.external_urls.spotify,track.artists,track.available_markets,track.disc_number,track.duration_ms,track.episode,track.explicit,track.href,track.is_local,track.name,track.popularity,track.preview_url,track.track,track.track_number,track.type,track.uri,track.album.album_type,track.album.artists,track.album.available_markets,track.album.href,track.album.id,track.album.images,track.album.name,track.album.release_date,track.album.release_date_precision,track.album.total_tracks,track.album.type,track.album.uri,track.album.external_urls.spotify,track.external_ids.isrc,track.external_urls.spotify,video_thumbnail.url,key_name,mode_name,key_mode
37i9dQZF1DWZxM58TRkuqg,Puncak Klasemen,https://i.scdn.co/image/ab67706f0000000372d962577b47cd3044562cc5,Spotify,spotify,0.643,0.436,6,-11.322,1,0.0357,0.702,0.0889,0.115,0.755,71.969,2hHeGD57S0BcopfVcmehdl,https://api.spotify.com/v1/audio-analysis/2hHeGD57S0BcopfVcmehdl,4,2022-03-10T17:00:00Z,FALSE,,https://api.spotify.com/v1/users/,,user,spotify:user:,https://open.spotify.com/user/,,,1,242000,FALSE,FALSE,https://api.spotify.com/v1/tracks/2hHeGD57S0BcopfVcmehdl,FALSE,Hati-Hati di Jalan,84,https://p.scdn.co/mp3-preview/6c79e207c400535c71e540d108d189eb4afaef8a?cid=46f08ee3e7d0421ab91abc12a45cc7b0,TRUE,8,track,spotify:track:2hHeGD57S0BcopfVcmehdl,album,,,https://api.spotify.com/v1/albums/3R4IAF9ApqYeUQrv1ddyoR,3R4IAF9ApqYeUQrv1ddyoR,,Manusia,03-03-22,day,10,album,spotify:album:3R4IAF9ApqYeUQrv1ddyoR,https://open.spotify.com/album/3R4IAF9ApqYeUQrv1ddyoR,FR2X42253130,https://open.spotify.com/track/2hHeGD57S0BcopfVcmehdl,,F#,major,F# major
37i9dQZF1DWZxM58TRkuqg,Puncak Klasemen,https://i.scdn.co/image/ab67706f0000000372d962577b47cd3044562cc5,Spotify,spotify,0.298,0.336,9,-8.292,1,0.0314,0.871,0.00105,0.0822,0.242,127.215,5GUO3EFS53h3nIi61C49J4,https://api.spotify.com/v1/audio-analysis/5GUO3EFS53h3nIi61C49J4,4,2022-03-10T17:00:00Z,FALSE,,https://api.spotify.com/v1/users/,,user,spotify:user:,https://open.spotify.com/user/,,,1,203000,FALSE,FALSE,https://api.spotify.com/v1/tracks/5GUO3EFS53h3nIi61C49J4,FALSE,Cinta Sederhana,51,,TRUE,1,track,spotify:track:5GUO3EFS53h3nIi61C49J4,single,,,https://api.spotify.com/v1/albums/79sCaeNY1nh0lnICvjEaDJ,79sCaeNY1nh0lnICvjEaDJ,,Cinta Sederhana,11-03-22,day,1,album,spotify:album:79sCaeNY1nh0lnICvjEaDJ,https://open.spotify.com/album/79sCaeNY1nh0lnICvjEaDJ,IDA682200182,https://open.spotify.com/track/5GUO3EFS53h3nIi61C49J4,,A,major,A major
37i9dQZF1DWZxM58TRkuqg,Puncak Klasemen,https://i.scdn.co/image/ab67706f0000000372d962577b47cd3044562cc5,Spotify,spotify,0.35,0.323,1,-8.982,1,0.0369,0.873,0.00000148,0.103,0.278,169.513,7IRi1d3Nsrww8mnGv1YW4l,https://api.spotify.com/v1/audio-analysis/7IRi1d3Nsrww8mnGv1YW4l,3,2022-03-10T17:00:00Z,FALSE,,https://api.spotify.com/v1/users/,,user,spotify:user:,https://open.spotify.com/user/,,,1,275250,FALSE,FALSE,https://api.spotify.com/v1/tracks/7IRi1d3Nsrww8mnGv1YW4l,FALSE,Kau Rumahku,62,https://p.scdn.co/mp3-preview/438ba6c48b9877f28fd72e5ad03781983d7d6065?cid=46f08ee3e7d0421ab91abc12a45cc7b0,TRUE,1,track,spotify:track:7IRi1d3Nsrww8mnGv1YW4l,single,,,https://api.spotify.com/v1/albums/4NAkOFSqThyy06ViavcOpQ,4NAkOFSqThyy06ViavcOpQ,,Kau Rumahku,10-01-22,day,1,album,spotify:album:4NAkOFSqThyy06ViavcOpQ,https://open.spotify.com/album/4NAkOFSqThyy06ViavcOpQ,IDA712000514,https://open.spotify.com/track/7IRi1d3Nsrww8mnGv1YW4l,,C#,major,C# major
37i9dQZF1DWZxM58TRkuqg,Puncak Klasemen,https://i.scdn.co/image/ab67706f0000000372d962577b47cd3044562cc5,Spotify,spotify,0.527,0.258,4,-9.499,1,0.0319,0.821,0.000172,0.148,0.347,139.928,1USA6DXJ1qsucoKnDu4vnu,https://api.spotify.com/v1/audio-analysis/1USA6DXJ1qsucoKnDu4vnu,4,2022-03-10T17:00:00Z,FALSE,,https://api.spotify.com/v1/users/,,user,spotify:user:,https://open.spotify.com/user/,,,1,241714,FALSE,FALSE,https://api.spotify.com/v1/tracks/1USA6DXJ1qsucoKnDu4vnu,FALSE,Tak Kan Hilang (OST DJS The Movie : Biarkan Aku Menari),61,https://p.scdn.co/mp3-preview/59adb711f800c743bd6d870bf2849a63389ddd4e?cid=46f08ee3e7d0421ab91abc12a45cc7b0,TRUE,1,track,spotify:track:1USA6DXJ1qsucoKnDu4vnu,single,,,https://api.spotify.com/v1/albums/6JmBf13wUd3kJEdoXgbZy5,6JmBf13wUd3kJEdoXgbZy5,,Tak Kan Hilang (OST DJS The Movie : Biarkan Aku Menari),25-02-22,day,1,album,spotify:album:6JmBf13wUd3kJEdoXgbZy5,https://open.spotify.com/album/6JmBf13wUd3kJEdoXgbZy5,IDA642203606,https://open.spotify.com/track/1USA6DXJ1qsucoKnDu4vnu,,E,major,E major
37i9dQZF1DWZxM58TRkuqg,Puncak Klasemen,https://i.scdn.co/image/ab67706f0000000372d962577b47cd3044562cc5,Spotify,spotify,0.613,0.711,7,-6.365,1,0.0335,0.477,0.000299,0.225,0.62,108.043,5bJ6hENlOjiidWcfLe1i3B,https://api.spotify.com/v1/audio-analysis/5bJ6hENlOjiidWcfLe1i3B,4,2022-03-10T17:00:00Z,FALSE,,https://api.spotify.com/v1/users/,,user,spotify:user:,https://open.spotify.com/user/,,,1,254600,FALSE,FALSE,https://api.spotify.com/v1/tracks/5bJ6hENlOjiidWcfLe1i3B,FALSE,Tujuh Belas,57,,TRUE,1,track,spotify:track:5bJ6hENlOjiidWcfLe1i3B,single,,,https://api.spotify.com/v1/albums/4KBntTOAV7gwKQ95yrkeZv,4KBntTOAV7gwKQ95yrkeZv,,Tujuh Belas,23-02-22,day,1,album,spotify:album:4KBntTOAV7gwKQ95yrkeZv,https://open.spotify.com/album/4KBntTOAV7gwKQ95yrkeZv,FR10S2294308,https://open.spotify.com/track/5bJ6hENlOjiidWcfLe1i3B,,G,major,G major
37i9dQZF1DWZxM58TRkuqg,Puncak Klasemen,https://i.scdn.co/image/ab67706f0000000372d962577b47cd3044562cc5,Spotify,spotify,0.325,0.345,5,-9.536,1,0.0311,0.495,0,0.0726,0.135,77.835,3ajNIJJmIbFFJKZcTolYZO,https://api.spotify.com/v1/audio-analysis/3ajNIJJmIbFFJKZcTolYZO,4,2022-03-10T17:00:00Z,FALSE,,https://api.spotify.com/v1/users/,,user,spotify:user:,https://open.spotify.com/user/,,,1,240759,FALSE,FALSE,https://api.spotify.com/v1/tracks/3ajNIJJmIbFFJKZcTolYZO,FALSE,Bertahan Terluka,77,https://p.scdn.co/mp3-preview/9d24d8515fcd648a90ed84a3354ac9c8a3b869a8?cid=46f08ee3e7d0421ab91abc12a45cc7b0,TRUE,1,track,spotify:track:3ajNIJJmIbFFJKZcTolYZO,single,,,https://api.spotify.com/v1/albums/1RgMS8KsAn6fTBw1maWpmo,1RgMS8KsAn6fTBw1maWpmo,,Bertahan Terluka,02-02-22,day,1,album,spotify:album:1RgMS8KsAn6fTBw1maWpmo,https://open.spotify.com/album/1RgMS8KsAn6fTBw1maWpmo,SGB502203331,https://open.spotify.com/track/3ajNIJJmIbFFJKZcTolYZO,,F,major,F major
37i9dQZF1DWZxM58TRkuqg,Puncak Klasemen,https://i.scdn.co/image/ab67706f0000000372d962577b47cd3044562cc5,Spotify,spotify,0.461,0.402,9,-7.609,1,0.0255,0.314,0,0.117,0.125,95.868,0GDxF5uQIqaKhc7qTDlqXZ,https://api.spotify.com/v1/audio-analysis/0GDxF5uQIqaKhc7qTDlqXZ,4,2022-03-10T17:00:00Z,FALSE,,https://api.spotify.com/v1/users/,,user,spotify:user:,https://open.spotify.com/user/,,,1,279344,FALSE,FALSE,https://api.spotify.com/v1/tracks/0GDxF5uQIqaKhc7qTDlqXZ,FALSE,Janji Kita,67,https://p.scdn.co/mp3-preview/7149fd50c65cc16af6afcf1b97c78aab49531891?cid=46f08ee3e7d0421ab91abc12a45cc7b0,TRUE,1,track,spotify:track:0GDxF5uQIqaKhc7qTDlqXZ,single,,,https://api.spotify.com/v1/albums/2XQoSX8gA4iBkgbF0GHkuD,2XQoSX8gA4iBkgbF0GHkuD,,Janji Kita,31-12-21,day,1,album,spotify:album:2XQoSX8gA4iBkgbF0GHkuD,https://open.spotify.com/album/2XQoSX8gA4iBkgbF0GHkuD,FRS182107070,https://open.spotify.com/track/0GDxF5uQIqaKhc7qTDlqXZ,,A,major,A major
37i9dQZF1DWZxM58TRkuqg,Puncak Klasemen,https://i.scdn.co/image/ab67706f0000000372d962577b47cd3044562cc5,Spotify,spotify,0.576,0.329,10,-8.87,1,0.0487,0.813,0.000671,0.108,0.397,72.91,1k1e4Amkn7hIFrEthtazqT,https://api.spotify.com/v1/audio-analysis/1k1e4Amkn7hIFrEthtazqT,4,2022-03-10T17:00:00Z,FALSE,,https://api.spotify.com/v1/users/,,user,spotify:user:,https://open.spotify.com/user/,,,1,215591,FALSE,FALSE,https://api.spotify.com/v1/tracks/1k1e4Amkn7hIFrEthtazqT,FALSE,Tutur Batin,73,https://p.scdn.co/mp3-preview/eba4003b6cb1a11c37a909419e774bf471f0f900?cid=46f08ee3e7d0421ab91abc12a45cc7b0,TRUE,7,track,spotify:track:1k1e4Amkn7hIFrEthtazqT,album,,,https://api.spotify.com/v1/albums/4ehjkt2KhPomUc7duIqeyD,4ehjkt2KhPomUc7duIqeyD,,Tutur Batin,22-10-21,day,11,album,spotify:album:4ehjkt2KhPomUc7duIqeyD,https://open.spotify.com/album/4ehjkt2KhPomUc7duIqeyD,FRX762119558,https://open.spotify.com/track/1k1e4Amkn7hIFrEthtazqT,,A#,major,A# major
37i9dQZF1DWZxM58TRkuqg,Puncak Klasemen,https://i.scdn.co/image/ab67706f0000000372d962577b47cd3044562cc5,Spotify,spotify,0.576,0.289,5,-9.389,1,0.0261,0.838,0.0000863,0.085,0.485,96.103,2qgjqbi96IAOBzZFC6H57U,https://api.spotify.com/v1/audio-analysis/2qgjqbi96IAOBzZFC6H57U,4,2022-03-10T17:00:00Z,FALSE,,https://api.spotify.com/v1/users/,,user,spotify:user:,https://open.spotify.com/user/,,,1,240000,FALSE,FALSE,https://api.spotify.com/v1/tracks/2qgjqbi96IAOBzZFC6H57U,FALSE,Diri,76,https://p.scdn.co/mp3-preview/3fd8d134024b2963c31e64d1543c2423b095274c?cid=46f08ee3e7d0421ab91abc12a45cc7b0,TRUE,9,track,spotify:track:2qgjqbi96IAOBzZFC6H57U,album,,,https://api.spotify.com/v1/albums/3R4IAF9ApqYeUQrv1ddyoR,3R4IAF9ApqYeUQrv1ddyoR,,Manusia,03-03-22,day,10,album,spotify:album:3R4IAF9ApqYeUQrv1ddyoR,https://open.spotify.com/album/3R4IAF9ApqYeUQrv1ddyoR,FR2X42253131,https://open.spotify.com/track/2qgjqbi96IAOBzZFC6H57U,,F,major,F major
37i9dQZF1DWZxM58TRkuqg,Puncak Klasemen,https://i.scdn.co/image/ab67706f0000000372d962577b47cd3044562cc5,Spotify,spotify,0.624,0.379,5,-8.9,1,0.0282,0.805,0.00000197,0.29,0.708,92.526,5QJANaK8ZlzI8ftloDM0We,https://api.spotify.com/v1/audio-analysis/5QJANaK8ZlzI8ftloDM0We,4,2022-03-10T17:00:00Z,FALSE,,https://api.spotify.com/v1/users/,,user,spotify:user:,https://open.spotify.com/user/,,,1,89215,FALSE,FALSE,https://api.spotify.com/v1/tracks/5QJANaK8ZlzI8ftloDM0We,FALSE,Hujan,68,https://p.scdn.co/mp3-preview/28ea24e9af45b6fc9fe9b11d56634477116eb311?cid=46f08ee3e7d0421ab91abc12a45cc7b0,TRUE,1,track,spotify:track:5QJANaK8ZlzI8ftloDM0We,single,,,https://api.spotify.com/v1/albums/34Wh0Ff41ceA0tCJFQFSan,34Wh0Ff41ceA0tCJFQFSan,,Hujan,09-07-21,day,1,album,spotify:album:34Wh0Ff41ceA0tCJFQFSan,https://open.spotify.com/album/34Wh0Ff41ceA0tCJFQFSan,QMFME2118198,https://open.spotify.com/track/5QJANaK8ZlzI8ftloDM0We,,F,major,F major
37i9dQZF1DWZxM58TRkuqg,Puncak Klasemen,https://i.scdn.co/image/ab67706f0000000372d962577b47cd3044562cc5,Spotify,spotify,0.637,0.484,9,-8.845,1,0.0237,0.36,0.0000366,0.171,0.786,95.023,6a1whVolhtgOTmxPYBLJDz,https://api.spotify.com/v1/audio-analysis/6a1whVolhtgOTmxPYBLJDz,4,2022-03-10T17:00:00Z,FALSE,,https://api.spotify.com/v1/users/,,user,spotify:user:,https://open.spotify.com/user/,,,1,251136,FALSE,FALSE,https://api.spotify.com/v1/tracks/6a1whVolhtgOTmxPYBLJDz,FALSE,Salah,61,https://p.scdn.co/mp3-preview/4e6c6d0dc818f5df325c4d5005d4c306e9a7c4d4?cid=46f08ee3e7d0421ab91abc12a45cc7b0,TRUE,1,track,spotify:track:6a1whVolhtgOTmxPYBLJDz,single,,,https://api.spotify.com/v1/albums/1JcHdPFHVjYN8QKW2ueQT6,1JcHdPFHVjYN8QKW2ueQT6,,Salah,25-02-22,day,1,album,spotify:album:1JcHdPFHVjYN8QKW2ueQT6,https://open.spotify.com/album/1JcHdPFHVjYN8QKW2ueQT6,IDA032100157,https://open.spotify.com/track/6a1whVolhtgOTmxPYBLJDz,,A,major,A major
37i9dQZF1DWZxM58TRkuqg,Puncak Klasemen,https://i.scdn.co/image/ab67706f0000000372d962577b47cd3044562cc5,Spotify,spotify,0.386,0.416,4,-10.543,1,0.0306,0.766,0.0000107,0.119,0.345,122.536,3Ysf0Y3iu23mrDsVh1mdu0,https://api.spotify.com/v1/audio-analysis/3Ysf0Y3iu23mrDsVh1mdu0,4,2022-03-10T17:00:00Z,FALSE,,https://api.spotify.com/v1/users/,,user,spotify:user:,https://open.spotify.com/user/,,,1,220250,FALSE,FALSE,https://api.spotify.com/v1/tracks/3Ysf0Y3iu23mrDsVh1mdu0,FALSE,Merasa Indah,81,,TRUE,4,track,spotify:track:3Ysf0Y3iu23mrDsVh1mdu0,album,,,https://api.spotify.com/v1/albums/0jxUY7K5FdwJNl3SmnOZOl,0jxUY7K5FdwJNl3SmnOZOl,,Tiara Andini,17-12-21,day,8,album,spotify:album:0jxUY7K5FdwJNl3SmnOZOl,https://open.spotify.com/album/0jxUY7K5FdwJNl3SmnOZOl,IDUM72100488,https://open.spotify.com/track/3Ysf0Y3iu23mrDsVh1mdu0,,E,major,E major
37i9dQZF1DWZxM58TRkuqg,Puncak Klasemen,https://i.scdn.co/image/ab67706f0000000372d962577b47cd3044562cc5,Spotify,spotify,0.488,0.405,8,-6.324,0,0.0302,0.503,0.00000686,0.108,0.152,122.049,6pmo9ha8iOPZc5lxPU9o8w,https://api.spotify.com/v1/audio-analysis/6pmo9ha8iOPZc5lxPU9o8w,4,2022-03-10T17:00:00Z,FALSE,,https://api.spotify.com/v1/users/,,user,spotify:user:,https://open.spotify.com/user/,,,1,254863,FALSE,FALSE,https://api.spotify.com/v1/tracks/6pmo9ha8iOPZc5lxPU9o8w,FALSE,Sisa Rasa,81,https://p.scdn.co/mp3-preview/9267aade456bc6d599baaae630f9ecefc6d3a2a6?cid=46f08ee3e7d0421ab91abc12a45cc7b0,TRUE,1,track,spotify:track:6pmo9ha8iOPZc5lxPU9o8w,single,,,https://api.spotify.com/v1/albums/1HWELX1pBJxEArEKKoepuJ,1HWELX1pBJxEArEKKoepuJ,,Sisa Rasa,22-10-21,day,1,album,spotify:album:1HWELX1pBJxEArEKKoepuJ,https://open.spotify.com/album/1HWELX1pBJxEArEKKoepuJ,FRX762160980,https://open.spotify.com/track/6pmo9ha8iOPZc5lxPU9o8w,,G#,minor,G# minor
37i9dQZF1DWZxM58TRkuqg,Puncak Klasemen,https://i.scdn.co/image/ab67706f0000000372d962577b47cd3044562cc5,Spotify,spotify,0.581,0.456,10,-8.738,1,0.0269,0.794,0.00000384,0.123,0.4,123.934,5b0NpyYAwW2dUGL08ir7Bg,https://api.spotify.com/v1/audio-analysis/5b0NpyYAwW2dUGL08ir7Bg,4,2022-03-10T17:00:00Z,FALSE,,https://api.spotify.com/v1/users/,,user,spotify:user:,https://open.spotify.com/user/,,,1,270926,FALSE,FALSE,https://api.spotify.com/v1/tracks/5b0NpyYAwW2dUGL08ir7Bg,FALSE,Hingga Tua Bersama,75,https://p.scdn.co/mp3-preview/21cff582643ab9bb3530a47d3819b1e7126cb64c?cid=46f08ee3e7d0421ab91abc12a45cc7b0,TRUE,1,track,spotify:track:5b0NpyYAwW2dUGL08ir7Bg,single,,,https://api.spotify.com/v1/albums/0pLC2EIZV2q4Ds7L7qbZaR,0pLC2EIZV2q4Ds7L7qbZaR,,Hingga Tua Bersama,12-05-21,day,1,album,spotify:album:0pLC2EIZV2q4Ds7L7qbZaR,https://open.spotify.com/album/0pLC2EIZV2q4Ds7L7qbZaR,QZHN62176083,https://open.spotify.com/track/5b0NpyYAwW2dUGL08ir7Bg,,A#,major,A# major
37i9dQZF1DWZxM58TRkuqg,Puncak Klasemen,https://i.scdn.co/image/ab67706f0000000372d962577b47cd3044562cc5,Spotify,spotify,0.549,0.51,9,-8.108,1,0.0312,0.226,0,0.111,0.401,126.015,5IpsVW4bsFjOTX1I96KiIJ,https://api.spotify.com/v1/audio-analysis/5IpsVW4bsFjOTX1I96KiIJ,4,2022-03-10T17:00:00Z,FALSE,,https://api.spotify.com/v1/users/,,user,spotify:user:,https://open.spotify.com/user/,,,1,280230,FALSE,FALSE,https://api.spotify.com/v1/tracks/5IpsVW4bsFjOTX1I96KiIJ,FALSE,Kebutuhan Hati,70,https://p.scdn.co/mp3-preview/af4eaf61da23490d25cacc1b035e1d86a4323cd2?cid=46f08ee3e7d0421ab91abc12a45cc7b0,TRUE,4,track,spotify:track:5IpsVW4bsFjOTX1I96KiIJ,single,,,https://api.spotify.com/v1/albums/7ALmZ2BNyBgrOUAP1ZluAt,7ALmZ2BNyBgrOUAP1ZluAt,,Melancholy,31-12-21,day,5,album,spotify:album:7ALmZ2BNyBgrOUAP1ZluAt,https://open.spotify.com/album/7ALmZ2BNyBgrOUAP1ZluAt,FRS182138744,https://open.spotify.com/track/5IpsVW4bsFjOTX1I96KiIJ,,A,major,A major
37i9dQZF1DWZxM58TRkuqg,Puncak Klasemen,https://i.scdn.co/image/ab67706f0000000372d962577b47cd3044562cc5,Spotify,spotify,0.504,0.433,10,-9.383,1,0.0348,0.493,0.000557,0.172,0.542,83.902,5VW8Srfc9zInoLTXq8bXUK,https://api.spotify.com/v1/audio-analysis/5VW8Srfc9zInoLTXq8bXUK,4,2022-03-10T17:00:00Z,FALSE,,https://api.spotify.com/v1/users/,,user,spotify:user:,https://open.spotify.com/user/,,,1,203000,FALSE,FALSE,https://api.spotify.com/v1/tracks/5VW8Srfc9zInoLTXq8bXUK,FALSE,Ldr,67,https://p.scdn.co/mp3-preview/2999a894d7f5c415a53f50200d93d9358111b248?cid=46f08ee3e7d0421ab91abc12a45cc7b0,TRUE,10,track,spotify:track:5VW8Srfc9zInoLTXq8bXUK,album,,,https://api.spotify.com/v1/albums/2s1MfOgZZetupfPMptd49j,2s1MfOgZZetupfPMptd49j,,Sebuah Cerita,28-05-21,day,10,album,spotify:album:2s1MfOgZZetupfPMptd49j,https://open.spotify.com/album/2s1MfOgZZetupfPMptd49j,IDA941900233,https://open.spotify.com/track/5VW8Srfc9zInoLTXq8bXUK,,A#,major,A# major
37i9dQZF1DWZxM58TRkuqg,Puncak Klasemen,https://i.scdn.co/image/ab67706f0000000372d962577b47cd3044562cc5,Spotify,spotify,0.287,0.299,9,-10.692,1,0.0281,0.489,0.0464,0.126,0.281,81.1,3wFWiWUWoOSIDs6gRnrTge,https://api.spotify.com/v1/audio-analysis/3wFWiWUWoOSIDs6gRnrTge,4,2022-03-10T17:00:00Z,FALSE,,https://api.spotify.com/v1/users/,,user,spotify:user:,https://open.spotify.com/user/,,,1,199848,FALSE,FALSE,https://api.spotify.com/v1/tracks/3wFWiWUWoOSIDs6gRnrTge,FALSE,Langit Favorit,57,https://p.scdn.co/mp3-preview/73aa8437acfe63e85fff669710e4aa4eb087e5d5?cid=46f08ee3e7d0421ab91abc12a45cc7b0,TRUE,1,track,spotify:track:3wFWiWUWoOSIDs6gRnrTge,single,,,https://api.spotify.com/v1/albums/6VuUK4xHGX8fF6aO00wOfI,6VuUK4xHGX8fF6aO00wOfI,,Langit Favorit,14-02-22,day,1,album,spotify:album:6VuUK4xHGX8fF6aO00wOfI,https://open.spotify.com/album/6VuUK4xHGX8fF6aO00wOfI,FR2X42200233,https://open.spotify.com/track/3wFWiWUWoOSIDs6gRnrTge,,A,major,A major
37i9dQZF1DWZxM58TRkuqg,Puncak Klasemen,https://i.scdn.co/image/ab67706f0000000372d962577b47cd3044562cc5,Spotify,spotify,0.785,0.427,4,-10.247,1,0.0522,0.861,0.000151,0.105,0.693,134,68zHOxA7F3MU6ow3e2LfzL,https://api.spotify.com/v1/audio-analysis/68zHOxA7F3MU6ow3e2LfzL,4,2022-03-10T17:00:00Z,FALSE,,https://api.spotify.com/v1/users/,,user,spotify:user:,https://open.spotify.com/user/,,,1,224664,FALSE,FALSE,https://api.spotify.com/v1/tracks/68zHOxA7F3MU6ow3e2LfzL,FALSE,Trust Me With This (Mama),58,https://p.scdn.co/mp3-preview/b333493526a22d8b72ebcdc5dcda045e395279b3?cid=46f08ee3e7d0421ab91abc12a45cc7b0,TRUE,1,track,spotify:track:68zHOxA7F3MU6ow3e2LfzL,single,,,https://api.spotify.com/v1/albums/1RqwlxPfColbEHt2hsQaZO,1RqwlxPfColbEHt2hsQaZO,,Trust Me With This (Mama),03-03-22,day,1,album,spotify:album:1RqwlxPfColbEHt2hsQaZO,https://open.spotify.com/album/1RqwlxPfColbEHt2hsQaZO,FR2X42222344,https://open.spotify.com/track/68zHOxA7F3MU6ow3e2LfzL,,E,major,E major
37i9dQZF1DWZxM58TRkuqg,Puncak Klasemen,https://i.scdn.co/image/ab67706f0000000372d962577b47cd3044562cc5,Spotify,spotify,0.628,0.676,6,-4.227,1,0.0424,0.393,0.0000694,0.0978,0.723,78.996,68HocO7fx9z0MgDU0ZPHro,https://api.spotify.com/v1/audio-analysis/68HocO7fx9z0MgDU0ZPHro,4,2022-03-10T17:00:00Z,FALSE,,https://api.spotify.com/v1/users/,,user,spotify:user:,https://open.spotify.com/user/,,,1,215686,FALSE,FALSE,https://api.spotify.com/v1/tracks/68HocO7fx9z0MgDU0ZPHro,FALSE,Every Summertime,89,,TRUE,1,track,spotify:track:68HocO7fx9z0MgDU0ZPHro,single,,,https://api.spotify.com/v1/albums/2HPj0XZe9WduSsyKTQqgVa,2HPj0XZe9WduSsyKTQqgVa,,Every Summertime,10-08-21,day,1,album,spotify:album:2HPj0XZe9WduSsyKTQqgVa,https://open.spotify.com/album/2HPj0XZe9WduSsyKTQqgVa,USUM72114018,https://open.spotify.com/track/68HocO7fx9z0MgDU0ZPHro,,F#,major,F# major
37i9dQZF1DWZxM58TRkuqg,Puncak Klasemen,https://i.scdn.co/image/ab67706f0000000372d962577b47cd3044562cc5,Spotify,spotify,0.347,0.353,7,-7.8,1,0.0288,0.17,0.000011,0.183,0.0966,78.768,1AKrRZFzULcsitFvxBPWam,https://api.spotify.com/v1/audio-analysis/1AKrRZFzULcsitFvxBPWam,4,2022-03-10T17:00:00Z,FALSE,,https://api.spotify.com/v1/users/,,user,spotify:user:,https://open.spotify.com/user/,,,1,309935,FALSE,FALSE,https://api.spotify.com/v1/tracks/1AKrRZFzULcsitFvxBPWam,FALSE,Untukmu,56,https://p.scdn.co/mp3-preview/40bb4d6b8551fc6a6a8578415f66be05471f1174?cid=46f08ee3e7d0421ab91abc12a45cc7b0,TRUE,8,track,spotify:track:1AKrRZFzULcsitFvxBPWam,album,,,https://api.spotify.com/v1/albums/2YFUVXbAfRylEW7G4if7gD,2YFUVXbAfRylEW7G4if7gD,,Pun Aku,03-09-21,day,12,album,spotify:album:2YFUVXbAfRylEW7G4if7gD,https://open.spotify.com/album/2YFUVXbAfRylEW7G4if7gD,IDA182132090,https://open.spotify.com/track/1AKrRZFzULcsitFvxBPWam,,G,major,G major
37i9dQZF1DWZxM58TRkuqg,Puncak Klasemen,https://i.scdn.co/image/ab67706f0000000372d962577b47cd3044562cc5,Spotify,spotify,0.435,0.426,4,-9.743,1,0.0387,0.9,0.00044,0.126,0.243,132.204,79CfEqbxzo1o2c95iQD0cM,https://api.spotify.com/v1/audio-analysis/79CfEqbxzo1o2c95iQD0cM,3,2022-03-10T17:00:00Z,FALSE,,https://api.spotify.com/v1/users/,,user,spotify:user:,https://open.spotify.com/user/,,,1,227055,FALSE,FALSE,https://api.spotify.com/v1/tracks/79CfEqbxzo1o2c95iQD0cM,FALSE,Love Language,57,https://p.scdn.co/mp3-preview/89d4067cb5f231d273a1424e622123e930474486?cid=46f08ee3e7d0421ab91abc12a45cc7b0,TRUE,1,track,spotify:track:79CfEqbxzo1o2c95iQD0cM,single,,,https://api.spotify.com/v1/albums/0upRlUoRXemqNUXTi6lkTQ,0upRlUoRXemqNUXTi6lkTQ,,Love Language,25-02-22,day,1,album,spotify:album:0upRlUoRXemqNUXTi6lkTQ,https://open.spotify.com/album/0upRlUoRXemqNUXTi6lkTQ,IDAA22200220,https://open.spotify.com/track/79CfEqbxzo1o2c95iQD0cM,,E,major,E major
37i9dQZF1DWZxM58TRkuqg,Puncak Klasemen,https://i.scdn.co/image/ab67706f0000000372d962577b47cd3044562cc5,Spotify,spotify,0.453,0.277,1,-10.757,1,0.0293,0.788,0.00711,0.102,0.179,116.366,2YGv9qF44EOz8dBkV5jFae,https://api.spotify.com/v1/audio-analysis/2YGv9qF44EOz8dBkV5jFae,4,2022-03-10T17:00:00Z,FALSE,,https://api.spotify.com/v1/users/,,user,spotify:user:,https://open.spotify.com/user/,,,1,283492,FALSE,FALSE,https://api.spotify.com/v1/tracks/2YGv9qF44EOz8dBkV5jFae,FALSE,Jangan Semudah Ini,55,https://p.scdn.co/mp3-preview/97b9a0f63bbcabba830aede62bfecfcd49ccdd0a?cid=46f08ee3e7d0421ab91abc12a45cc7b0,TRUE,1,track,spotify:track:2YGv9qF44EOz8dBkV5jFae,single,,,https://api.spotify.com/v1/albums/7boohOzNpleOSt60L4bzRB,7boohOzNpleOSt60L4bzRB,,Jangan Semudah Ini,18-02-22,day,1,album,spotify:album:7boohOzNpleOSt60L4bzRB,https://open.spotify.com/album/7boohOzNpleOSt60L4bzRB,FR10S2297729,https://open.spotify.com/track/2YGv9qF44EOz8dBkV5jFae,,C#,major,C# major
37i9dQZF1DWZxM58TRkuqg,Puncak Klasemen,https://i.scdn.co/image/ab67706f0000000372d962577b47cd3044562cc5,Spotify,spotify,0.691,0.642,11,-6.763,1,0.0273,0.233,0,0.213,0.79,100.013,21OXhVAGwkueDkmvPVLNPm,https://api.spotify.com/v1/audio-analysis/21OXhVAGwkueDkmvPVLNPm,4,2022-03-10T17:00:00Z,FALSE,,https://api.spotify.com/v1/users/,,user,spotify:user:,https://open.spotify.com/user/,,,1,209685,FALSE,FALSE,https://api.spotify.com/v1/tracks/21OXhVAGwkueDkmvPVLNPm,FALSE,Sinema,53,https://p.scdn.co/mp3-preview/d88dbb84d4e4bf312bd8f6ab52c9c6f2f9926ae6?cid=46f08ee3e7d0421ab91abc12a45cc7b0,TRUE,1,track,spotify:track:21OXhVAGwkueDkmvPVLNPm,album,,,https://api.spotify.com/v1/albums/3K7DAXAdl6EdEZZkhQLLxX,3K7DAXAdl6EdEZZkhQLLxX,,TIME,25-02-22,day,10,album,spotify:album:3K7DAXAdl6EdEZZkhQLLxX,https://open.spotify.com/album/3K7DAXAdl6EdEZZkhQLLxX,IDA182232992,https://open.spotify.com/track/21OXhVAGwkueDkmvPVLNPm,,B,major,B major
37i9dQZF1DWZxM58TRkuqg,Puncak Klasemen,https://i.scdn.co/image/ab67706f0000000372d962577b47cd3044562cc5,Spotify,spotify,0.526,0.762,0,-6.693,1,0.0579,0.122,0,0.166,0.682,94.943,6vHOfjfzvqg5D4HrBe16iT,https://api.spotify.com/v1/audio-analysis/6vHOfjfzvqg5D4HrBe16iT,4,2022-03-10T17:00:00Z,FALSE,,https://api.spotify.com/v1/users/,,user,spotify:user:,https://open.spotify.com/user/,,,1,175659,FALSE,FALSE,https://api.spotify.com/v1/tracks/6vHOfjfzvqg5D4HrBe16iT,FALSE,Benar Orang Bilang,57,https://p.scdn.co/mp3-preview/a2f093851af31edecbcdcea963f7ed5d2cc0d6aa?cid=46f08ee3e7d0421ab91abc12a45cc7b0,TRUE,1,track,spotify:track:6vHOfjfzvqg5D4HrBe16iT,single,,,https://api.spotify.com/v1/albums/2M1qUZ2YHHYgthMON0g7al,2M1qUZ2YHHYgthMON0g7al,,Benar Orang Bilang,04-02-22,day,1,album,spotify:album:2M1qUZ2YHHYgthMON0g7al,https://open.spotify.com/album/2M1qUZ2YHHYgthMON0g7al,IDAC52200001,https://open.spotify.com/track/6vHOfjfzvqg5D4HrBe16iT,,C,major,C major
37i9dQZF1DWZxM58TRkuqg,Puncak Klasemen,https://i.scdn.co/image/ab67706f0000000372d962577b47cd3044562cc5,Spotify,spotify,0.424,0.214,0,-9.586,1,0.0347,0.928,0.00000347,0.117,0.365,124.571,0ujcBFznK9ayq27eCpeNiK,https://api.spotify.com/v1/audio-analysis/0ujcBFznK9ayq27eCpeNiK,4,2022-03-10T17:00:00Z,FALSE,,https://api.spotify.com/v1/users/,,user,spotify:user:,https://open.spotify.com/user/,,,1,272086,FALSE,FALSE,https://api.spotify.com/v1/tracks/0ujcBFznK9ayq27eCpeNiK,FALSE,Hanya Singgah,58,https://p.scdn.co/mp3-preview/16bc53fa8f0c2e448a973f8b82bc85fe24a16ae3?cid=46f08ee3e7d0421ab91abc12a45cc7b0,TRUE,1,track,spotify:track:0ujcBFznK9ayq27eCpeNiK,single,,,https://api.spotify.com/v1/albums/63GTbvDLzFJtmtb6tbGt1p,63GTbvDLzFJtmtb6tbGt1p,,Hanya Singgah,26-01-22,day,1,album,spotify:album:63GTbvDLzFJtmtb6tbGt1p,https://open.spotify.com/album/63GTbvDLzFJtmtb6tbGt1p,IDA172230009,https://open.spotify.com/track/0ujcBFznK9ayq27eCpeNiK,,C,major,C major
37i9dQZF1DWZxM58TRkuqg,Puncak Klasemen,https://i.scdn.co/image/ab67706f0000000372d962577b47cd3044562cc5,Spotify,spotify,0.552,0.4,1,-7.369,1,0.0304,0.71,0.00000339,0.109,0.154,119.913,0OgwkVbQ4jVfsZJO4Xs9hC,https://api.spotify.com/v1/audio-analysis/0OgwkVbQ4jVfsZJO4Xs9hC,4,2022-03-10T17:00:00Z,FALSE,,https://api.spotify.com/v1/users/,,user,spotify:user:,https://open.spotify.com/user/,,,1,250122,FALSE,FALSE,https://api.spotify.com/v1/tracks/0OgwkVbQ4jVfsZJO4Xs9hC,FALSE,Aku Yang Salah,72,https://p.scdn.co/mp3-preview/3f6d3295446134f7a44fdbe4e3a90a7fa3aa27ad?cid=46f08ee3e7d0421ab91abc12a45cc7b0,TRUE,1,track,spotify:track:0OgwkVbQ4jVfsZJO4Xs9hC,single,,,https://api.spotify.com/v1/albums/3H5eQDyoOyoOy9yYXnyTPh,3H5eQDyoOyoOy9yYXnyTPh,,Aku Yang Salah,07-08-20,day,1,album,spotify:album:3H5eQDyoOyoOy9yYXnyTPh,https://open.spotify.com/album/3H5eQDyoOyoOy9yYXnyTPh,FRX202076178,https://open.spotify.com/track/0OgwkVbQ4jVfsZJO4Xs9hC,,C#,major,C# major
37i9dQZF1DWZxM58TRkuqg,Puncak Klasemen,https://i.scdn.co/image/ab67706f0000000372d962577b47cd3044562cc5,Spotify,spotify,0.763,0.631,4,-9.467,0,0.0334,0.657,0.0209,0.137,0.964,125.013,3NuKl7HM691ycLcCa6Vbq2,https://api.spotify.com/v1/audio-analysis/3NuKl7HM691ycLcCa6Vbq2,4,2022-03-10T17:00:00Z,FALSE,,https://api.spotify.com/v1/users/,,user,spotify:user:,https://open.spotify.com/user/,,,1,182414,FALSE,FALSE,https://api.spotify.com/v1/tracks/3NuKl7HM691ycLcCa6Vbq2,FALSE,Menghapus Jejakmu,62,https://p.scdn.co/mp3-preview/2413564b00a448adbf45f664260e39021253cd4f?cid=46f08ee3e7d0421ab91abc12a45cc7b0,TRUE,1,track,spotify:track:3NuKl7HM691ycLcCa6Vbq2,single,,,https://api.spotify.com/v1/albums/4UOQ8yXRAdRDOpEcDgZdGq,4UOQ8yXRAdRDOpEcDgZdGq,,Menghapus Jejakmu,21-01-22,day,1,album,spotify:album:4UOQ8yXRAdRDOpEcDgZdGq,https://open.spotify.com/album/4UOQ8yXRAdRDOpEcDgZdGq,IDA182232753,https://open.spotify.com/track/3NuKl7HM691ycLcCa6Vbq2,,E,minor,E minor
37i9dQZF1DWZxM58TRkuqg,Puncak Klasemen,https://i.scdn.co/image/ab67706f0000000372d962577b47cd3044562cc5,Spotify,spotify,0.655,0.537,10,-7.728,1,0.0253,0.228,0.000256,0.12,0.58,89.997,06V3aHH7fDSqHQMQhGPoBD,https://api.spotify.com/v1/audio-analysis/06V3aHH7fDSqHQMQhGPoBD,4,2022-03-10T17:00:00Z,FALSE,,https://api.spotify.com/v1/users/,,user,spotify:user:,https://open.spotify.com/user/,,,1,211666,FALSE,FALSE,https://api.spotify.com/v1/tracks/06V3aHH7fDSqHQMQhGPoBD,FALSE,Please Baby Please,59,https://p.scdn.co/mp3-preview/7a11de49da8b86a13813f561230fe1c225f96614?cid=46f08ee3e7d0421ab91abc12a45cc7b0,TRUE,1,track,spotify:track:06V3aHH7fDSqHQMQhGPoBD,single,,,https://api.spotify.com/v1/albums/0RLuLmUup2sbIVKwMfKpVx,0RLuLmUup2sbIVKwMfKpVx,,Please Baby Please,09-02-22,day,1,album,spotify:album:0RLuLmUup2sbIVKwMfKpVx,https://open.spotify.com/album/0RLuLmUup2sbIVKwMfKpVx,FR10S2275659,https://open.spotify.com/track/06V3aHH7fDSqHQMQhGPoBD,,A#,major,A# major
37i9dQZF1DWZxM58TRkuqg,Puncak Klasemen,https://i.scdn.co/image/ab67706f0000000372d962577b47cd3044562cc5,Spotify,spotify,0.499,0.863,2,-5.746,1,0.04,0.087,0.0215,0.12,0.233,140.004,5IXRpSH7tlDnGDpsEAByvs,https://api.spotify.com/v1/audio-analysis/5IXRpSH7tlDnGDpsEAByvs,4,2022-03-10T17:00:00Z,FALSE,,https://api.spotify.com/v1/users/,,user,spotify:user:,https://open.spotify.com/user/,,,1,274819,FALSE,FALSE,https://api.spotify.com/v1/tracks/5IXRpSH7tlDnGDpsEAByvs,FALSE,Cobalah Mengerti,59,https://p.scdn.co/mp3-preview/2f225120bedb3276620c0608273916744c247570?cid=46f08ee3e7d0421ab91abc12a45cc7b0,TRUE,9,track,spotify:track:5IXRpSH7tlDnGDpsEAByvs,album,,,https://api.spotify.com/v1/albums/7th82LGjGsDpfE52ZRPp4U,7th82LGjGsDpfE52ZRPp4U,,Hari Yang Cerah,26-01-22,day,10,album,spotify:album:7th82LGjGsDpfE52ZRPp4U,https://open.spotify.com/album/7th82LGjGsDpfE52ZRPp4U,IDA182232784,https://open.spotify.com/track/5IXRpSH7tlDnGDpsEAByvs,,D,major,D major
37i9dQZF1DWZxM58TRkuqg,Puncak Klasemen,https://i.scdn.co/image/ab67706f0000000372d962577b47cd3044562cc5,Spotify,spotify,0.592,0.85,11,-2.74,0,0.0432,0.175,0,0.136,0.933,143.975,4E0Ib1Xfhr15mQU6BNShSp,https://api.spotify.com/v1/audio-analysis/4E0Ib1Xfhr15mQU6BNShSp,4,2022-03-10T17:00:00Z,FALSE,,https://api.spotify.com/v1/users/,,user,spotify:user:,https://open.spotify.com/user/,,,1,205456,FALSE,FALSE,https://api.spotify.com/v1/tracks/4E0Ib1Xfhr15mQU6BNShSp,FALSE,Selalu Bersama,54,https://p.scdn.co/mp3-preview/dda15aa595d0a346ed23bef2a005ad63af84d2d0?cid=46f08ee3e7d0421ab91abc12a45cc7b0,TRUE,1,track,spotify:track:4E0Ib1Xfhr15mQU6BNShSp,single,,,https://api.spotify.com/v1/albums/0nZF3NgXbl8qj7exGx9AtP,0nZF3NgXbl8qj7exGx9AtP,,Selalu Bersama,11-02-22,day,1,album,spotify:album:0nZF3NgXbl8qj7exGx9AtP,https://open.spotify.com/album/0nZF3NgXbl8qj7exGx9AtP,USA2P2203118,https://open.spotify.com/track/4E0Ib1Xfhr15mQU6BNShSp,,B,minor,B minor
37i9dQZF1DWZxM58TRkuqg,Puncak Klasemen,https://i.scdn.co/image/ab67706f0000000372d962577b47cd3044562cc5,Spotify,spotify,0.661,0.561,2,-7.256,1,0.0347,0.389,0.00337,0.273,0.87,147.937,5SaKZSsiSOqxOH1N2qpAsh,https://api.spotify.com/v1/audio-analysis/5SaKZSsiSOqxOH1N2qpAsh,4,2022-03-10T17:00:00Z,FALSE,,https://api.spotify.com/v1/users/,,user,spotify:user:,https://open.spotify.com/user/,,,1,252399,FALSE,TRUE,https://api.spotify.com/v1/tracks/5SaKZSsiSOqxOH1N2qpAsh,FALSE,"KIW""",55,https://p.scdn.co/mp3-preview/a805dc181d75cd46a817a64b6d514511b4856516?cid=46f08ee3e7d0421ab91abc12a45cc7b0,TRUE,6,track,spotify:track:5SaKZSsiSOqxOH1N2qpAsh,album,,,https://api.spotify.com/v1/albums/4QUd17mSKbu7lOHBcPtiCW,4QUd17mSKbu7lOHBcPtiCW,,POP SEBLAY,22-02-22,day,12,album,spotify:album:4QUd17mSKbu7lOHBcPtiCW,https://open.spotify.com/album/4QUd17mSKbu7lOHBcPtiCW,TCAGA2230167,https://open.spotify.com/track/5SaKZSsiSOqxOH1N2qpAsh,,D,major,D major
37i9dQZF1DWZxM58TRkuqg,Puncak Klasemen,https://i.scdn.co/image/ab67706f0000000372d962577b47cd3044562cc5,Spotify,spotify,0.472,0.283,7,-11.348,1,0.0307,0.611,0.00000134,0.126,0.287,144.147,3Z0K4sFU1fOiBOe7Nf3kix,https://api.spotify.com/v1/audio-analysis/3Z0K4sFU1fOiBOe7Nf3kix,4,2022-03-10T17:00:00Z,FALSE,,https://api.spotify.com/v1/users/,,user,spotify:user:,https://open.spotify.com/user/,,,1,229500,FALSE,FALSE,https://api.spotify.com/v1/tracks/3Z0K4sFU1fOiBOe7Nf3kix,FALSE,Menjadi Dia,70,,TRUE,1,track,spotify:track:3Z0K4sFU1fOiBOe7Nf3kix,album,,,https://api.spotify.com/v1/albums/0jxUY7K5FdwJNl3SmnOZOl,0jxUY7K5FdwJNl3SmnOZOl,,Tiara Andini,17-12-21,day,8,album,spotify:album:0jxUY7K5FdwJNl3SmnOZOl,https://open.spotify.com/album/0jxUY7K5FdwJNl3SmnOZOl,IDUM72100487,https://open.spotify.com/track/3Z0K4sFU1fOiBOe7Nf3kix,,G,major,G major
37i9dQZF1DWZxM58TRkuqg,Puncak Klasemen,https://i.scdn.co/image/ab67706f0000000372d962577b47cd3044562cc5,Spotify,spotify,0.75,0.583,7,-8.069,1,0.0477,0.0766,0.0000162,0.145,0.673,119.05,0OQ8BncEhjg4sOi006Vws3,https://api.spotify.com/v1/audio-analysis/0OQ8BncEhjg4sOi006Vws3,4,2022-03-10T17:00:00Z,FALSE,,https://api.spotify.com/v1/users/,,user,spotify:user:,https://open.spotify.com/user/,,,1,198540,FALSE,FALSE,https://api.spotify.com/v1/tracks/0OQ8BncEhjg4sOi006Vws3,FALSE,Impas,52,https://p.scdn.co/mp3-preview/8441c07b4d372bfcedf669e6363a285bc9e89553?cid=46f08ee3e7d0421ab91abc12a45cc7b0,TRUE,1,track,spotify:track:0OQ8BncEhjg4sOi006Vws3,single,,,https://api.spotify.com/v1/albums/3qzzXQDq978YIIln45PRFz,3qzzXQDq978YIIln45PRFz,,Impas,18-02-22,day,1,album,spotify:album:3qzzXQDq978YIIln45PRFz,https://open.spotify.com/album/3qzzXQDq978YIIln45PRFz,IDA182232957,https://open.spotify.com/track/0OQ8BncEhjg4sOi006Vws3,,G,major,G major
37i9dQZF1DWZxM58TRkuqg,Puncak Klasemen,https://i.scdn.co/image/ab67706f0000000372d962577b47cd3044562cc5,Spotify,spotify,0.566,0.162,6,-14.735,0,0.0264,0.959,0.0000878,0.103,0.152,99.984,63vyBkGoSePwPl2eI7Q843,https://api.spotify.com/v1/audio-analysis/63vyBkGoSePwPl2eI7Q843,3,2022-03-10T17:00:00Z,FALSE,,https://api.spotify.com/v1/users/,,user,spotify:user:,https://open.spotify.com/user/,,,1,280963,FALSE,FALSE,https://api.spotify.com/v1/tracks/63vyBkGoSePwPl2eI7Q843,FALSE,Memori,53,https://p.scdn.co/mp3-preview/a919ba7467b45d2c457b2874fe35f76def208097?cid=46f08ee3e7d0421ab91abc12a45cc7b0,TRUE,1,track,spotify:track:63vyBkGoSePwPl2eI7Q843,single,,,https://api.spotify.com/v1/albums/30QNOfjJZkPW0aS9kT3mIu,30QNOfjJZkPW0aS9kT3mIu,,Memori,11-02-22,day,1,album,spotify:album:30QNOfjJZkPW0aS9kT3mIu,https://open.spotify.com/album/30QNOfjJZkPW0aS9kT3mIu,TCAGA2292250,https://open.spotify.com/track/63vyBkGoSePwPl2eI7Q843,,F#,minor,F# minor
37i9dQZF1DWZxM58TRkuqg,Puncak Klasemen,https://i.scdn.co/image/ab67706f0000000372d962577b47cd3044562cc5,Spotify,spotify,0.365,0.223,1,-9.503,1,0.0306,0.914,0.00000532,0.0948,0.195,137.473,6ZlGasXMModY9Tjv60FS10,https://api.spotify.com/v1/audio-analysis/6ZlGasXMModY9Tjv60FS10,1,2022-03-10T17:00:00Z,FALSE,,https://api.spotify.com/v1/users/,,user,spotify:user:,https://open.spotify.com/user/,,,1,269469,FALSE,FALSE,https://api.spotify.com/v1/tracks/6ZlGasXMModY9Tjv60FS10,FALSE,Dibanding Dia,66,,TRUE,6,track,spotify:track:6ZlGasXMModY9Tjv60FS10,album,,,https://api.spotify.com/v1/albums/20nf5isZzrFuEOr0tIZkWG,20nf5isZzrFuEOr0tIZkWG,,Lyodra,16-07-21,day,8,album,spotify:album:20nf5isZzrFuEOr0tIZkWG,https://open.spotify.com/album/20nf5isZzrFuEOr0tIZkWG,IDUM72100180,https://open.spotify.com/track/6ZlGasXMModY9Tjv60FS10,,C#,major,C# major
37i9dQZF1DWZxM58TRkuqg,Puncak Klasemen,https://i.scdn.co/image/ab67706f0000000372d962577b47cd3044562cc5,Spotify,spotify,0.412,0.345,9,-11.781,1,0.0313,0.889,0.617,0.0797,0.217,88.792,1K2bNJgWU7cGRIAVOyOyzk,https://api.spotify.com/v1/audio-analysis/1K2bNJgWU7cGRIAVOyOyzk,4,2022-03-10T17:00:00Z,FALSE,,https://api.spotify.com/v1/users/,,user,spotify:user:,https://open.spotify.com/user/,,,1,202000,FALSE,FALSE,https://api.spotify.com/v1/tracks/1K2bNJgWU7cGRIAVOyOyzk,FALSE,Rantau,57,https://p.scdn.co/mp3-preview/b850a15b37be9b118bbf836ec1eade529724a1a6?cid=46f08ee3e7d0421ab91abc12a45cc7b0,TRUE,1,track,spotify:track:1K2bNJgWU7cGRIAVOyOyzk,album,,,https://api.spotify.com/v1/albums/0t4RNN2t8lhd9yI9YxFHk5,0t4RNN2t8lhd9yI9YxFHk5,,Riuh,21-01-22,day,10,album,spotify:album:0t4RNN2t8lhd9yI9YxFHk5,https://open.spotify.com/album/0t4RNN2t8lhd9yI9YxFHk5,FRS182147959,https://open.spotify.com/track/1K2bNJgWU7cGRIAVOyOyzk,,A,major,A major
37i9dQZF1DWZxM58TRkuqg,Puncak Klasemen,https://i.scdn.co/image/ab67706f0000000372d962577b47cd3044562cc5,Spotify,spotify,0.509,0.233,2,-10.742,1,0.0284,0.921,0.000231,0.113,0.328,105.944,0zwz8FMlxFZXdnMHhLNvx5,https://api.spotify.com/v1/audio-analysis/0zwz8FMlxFZXdnMHhLNvx5,4,2022-03-10T17:00:00Z,FALSE,,https://api.spotify.com/v1/users/,,user,spotify:user:,https://open.spotify.com/user/,,,1,243442,FALSE,FALSE,https://api.spotify.com/v1/tracks/0zwz8FMlxFZXdnMHhLNvx5,FALSE,Sahabat Dulu - From Layangan Putus,75,https://p.scdn.co/mp3-preview/2b4a06d3ac5bd1be8a15e83c33f9b2f3674c4322?cid=46f08ee3e7d0421ab91abc12a45cc7b0,TRUE,1,track,spotify:track:0zwz8FMlxFZXdnMHhLNvx5,single,,,https://api.spotify.com/v1/albums/5abXZR2GOqONPOc7ZuYoEO,5abXZR2GOqONPOc7ZuYoEO,,Sahabat Dulu (From Layangan Putus),19-11-21,day,1,album,spotify:album:5abXZR2GOqONPOc7ZuYoEO,https://open.spotify.com/album/5abXZR2GOqONPOc7ZuYoEO,IDA822100125,https://open.spotify.com/track/0zwz8FMlxFZXdnMHhLNvx5,,D,major,D major
37i9dQZF1DWZxM58TRkuqg,Puncak Klasemen,https://i.scdn.co/image/ab67706f0000000372d962577b47cd3044562cc5,Spotify,spotify,0.332,0.425,5,-5.339,1,0.0306,0.77,0.000187,0.124,0.385,136.044,4d3Oc82rj1hVPlNZvcZ3KB,https://api.spotify.com/v1/audio-analysis/4d3Oc82rj1hVPlNZvcZ3KB,3,2022-03-10T17:00:00Z,FALSE,,https://api.spotify.com/v1/users/,,user,spotify:user:,https://open.spotify.com/user/,,,1,301368,FALSE,FALSE,https://api.spotify.com/v1/tracks/4d3Oc82rj1hVPlNZvcZ3KB,FALSE,Roman Picisan,70,https://p.scdn.co/mp3-preview/883b0873177d43b71c310eed4768d0baee32ec98?cid=46f08ee3e7d0421ab91abc12a45cc7b0,TRUE,1,track,spotify:track:4d3Oc82rj1hVPlNZvcZ3KB,single,,,https://api.spotify.com/v1/albums/1Nu57IYMONBk10GTTaVkt7,1Nu57IYMONBk10GTTaVkt7,,Kangen,10-12-21,day,4,album,spotify:album:1Nu57IYMONBk10GTTaVkt7,https://open.spotify.com/album/1Nu57IYMONBk10GTTaVkt7,IDAA22100930,https://open.spotify.com/track/4d3Oc82rj1hVPlNZvcZ3KB,,F,major,F major
37i9dQZF1DWZxM58TRkuqg,Puncak Klasemen,https://i.scdn.co/image/ab67706f0000000372d962577b47cd3044562cc5,Spotify,spotify,0.555,0.678,9,-8.251,1,0.0301,0.294,0.00814,0.102,0.409,115.997,1D7GuxwgqFZzGnhJwvQU8X,https://api.spotify.com/v1/audio-analysis/1D7GuxwgqFZzGnhJwvQU8X,4,2022-03-10T17:00:00Z,FALSE,,https://api.spotify.com/v1/users/,,user,spotify:user:,https://open.spotify.com/user/,,,1,269420,FALSE,FALSE,https://api.spotify.com/v1/tracks/1D7GuxwgqFZzGnhJwvQU8X,FALSE,Mungkin Nanti,62,https://p.scdn.co/mp3-preview/01f27db7a2663f7d9b636ccb67a5e5929ebb1ac5?cid=46f08ee3e7d0421ab91abc12a45cc7b0,TRUE,2,track,spotify:track:1D7GuxwgqFZzGnhJwvQU8X,album,,,https://api.spotify.com/v1/albums/5K6G6PthNOaUsFR0XXyTAz,5K6G6PthNOaUsFR0XXyTAz,,Bintang di Surga,12-01-22,day,8,album,spotify:album:5K6G6PthNOaUsFR0XXyTAz,https://open.spotify.com/album/5K6G6PthNOaUsFR0XXyTAz,IDA182132636,https://open.spotify.com/track/1D7GuxwgqFZzGnhJwvQU8X,,A,major,A major
37i9dQZF1DWZxM58TRkuqg,Puncak Klasemen,https://i.scdn.co/image/ab67706f0000000372d962577b47cd3044562cc5,Spotify,spotify,0.309,0.275,6,-10.619,1,0.0324,0.811,0.000236,0.137,0.277,144.833,5trwhScfkragdaXuDnLgQE,https://api.spotify.com/v1/audio-analysis/5trwhScfkragdaXuDnLgQE,4,2022-03-10T17:00:00Z,FALSE,,https://api.spotify.com/v1/users/,,user,spotify:user:,https://open.spotify.com/user/,,,1,226055,FALSE,FALSE,https://api.spotify.com/v1/tracks/5trwhScfkragdaXuDnLgQE,FALSE,Dara,57,https://p.scdn.co/mp3-preview/cbf4eaa59a957afd6d9933b3f129eded0f783861?cid=46f08ee3e7d0421ab91abc12a45cc7b0,TRUE,1,track,spotify:track:5trwhScfkragdaXuDnLgQE,single,,,https://api.spotify.com/v1/albums/5VrIHHZ5lrDNaW6ZH8zwbg,5VrIHHZ5lrDNaW6ZH8zwbg,,Dara,04-02-22,day,1,album,spotify:album:5VrIHHZ5lrDNaW6ZH8zwbg,https://open.spotify.com/album/5VrIHHZ5lrDNaW6ZH8zwbg,IDA172230028,https://open.spotify.com/track/5trwhScfkragdaXuDnLgQE,,F#,major,F# major
37i9dQZF1DWZxM58TRkuqg,Puncak Klasemen,https://i.scdn.co/image/ab67706f0000000372d962577b47cd3044562cc5,Spotify,spotify,0.208,0.592,7,-13.908,1,0.0412,0.0189,0.0138,0.0823,0.305,74.297,2lvVwe5EUHEO9iHMyYyD64,https://api.spotify.com/v1/audio-analysis/2lvVwe5EUHEO9iHMyYyD64,4,2022-03-10T17:00:00Z,FALSE,,https://api.spotify.com/v1/users/,,user,spotify:user:,https://open.spotify.com/user/,,,1,304791,FALSE,FALSE,https://api.spotify.com/v1/tracks/2lvVwe5EUHEO9iHMyYyD64,FALSE,Bintang di Surga,60,https://p.scdn.co/mp3-preview/303a192a9861f79ef6ac1f3549e8537220a9fa7a?cid=46f08ee3e7d0421ab91abc12a45cc7b0,TRUE,1,track,spotify:track:2lvVwe5EUHEO9iHMyYyD64,single,,,https://api.spotify.com/v1/albums/1EZjgsPmHO6ctB1GvTgF2J,1EZjgsPmHO6ctB1GvTgF2J,,Bintang di Surga,07-01-22,day,1,album,spotify:album:1EZjgsPmHO6ctB1GvTgF2J,https://open.spotify.com/album/1EZjgsPmHO6ctB1GvTgF2J,IDA182132642,https://open.spotify.com/track/2lvVwe5EUHEO9iHMyYyD64,,G,major,G major
37i9dQZF1DWZxM58TRkuqg,Puncak Klasemen,https://i.scdn.co/image/ab67706f0000000372d962577b47cd3044562cc5,Spotify,spotify,0.394,0.261,5,-10.194,1,0.0356,0.971,0.0000246,0.11,0.217,120.175,4QgumLhe9bOEiyKwazYNer,https://api.spotify.com/v1/audio-analysis/4QgumLhe9bOEiyKwazYNer,3,2022-03-10T17:00:00Z,FALSE,,https://api.spotify.com/v1/users/,,user,spotify:user:,https://open.spotify.com/user/,,,1,290939,FALSE,FALSE,https://api.spotify.com/v1/tracks/4QgumLhe9bOEiyKwazYNer,FALSE,Jalan Tengah,69,https://p.scdn.co/mp3-preview/b829f6875f3c10c9fd16fa220602ac1aa858fa42?cid=46f08ee3e7d0421ab91abc12a45cc7b0,TRUE,1,track,spotify:track:4QgumLhe9bOEiyKwazYNer,single,,,https://api.spotify.com/v1/albums/6WqoW3CKWU3lPyBDhcDzgn,6WqoW3CKWU3lPyBDhcDzgn,,Jalan Tengah,22-10-21,day,1,album,spotify:album:6WqoW3CKWU3lPyBDhcDzgn,https://open.spotify.com/album/6WqoW3CKWU3lPyBDhcDzgn,IDA172101063,https://open.spotify.com/track/4QgumLhe9bOEiyKwazYNer,,F,major,F major
37i9dQZF1DWZxM58TRkuqg,Puncak Klasemen,https://i.scdn.co/image/ab67706f0000000372d962577b47cd3044562cc5,Spotify,spotify,0.709,0.848,4,-3.678,0,0.0437,0.214,0.000132,0.177,0.638,106.006,7I5SpqksVGppahx77uNC1Q,https://api.spotify.com/v1/audio-analysis/7I5SpqksVGppahx77uNC1Q,4,2022-03-10T17:00:00Z,FALSE,,https://api.spotify.com/v1/users/,,user,spotify:user:,https://open.spotify.com/user/,,,1,251356,FALSE,FALSE,https://api.spotify.com/v1/tracks/7I5SpqksVGppahx77uNC1Q,FALSE,Overthinking,54,,TRUE,1,track,spotify:track:7I5SpqksVGppahx77uNC1Q,single,,,https://api.spotify.com/v1/albums/1EZNGT5hsDKH7b2tLO6s3I,1EZNGT5hsDKH7b2tLO6s3I,,Overthinking,11-02-22,day,1,album,spotify:album:1EZNGT5hsDKH7b2tLO6s3I,https://open.spotify.com/album/1EZNGT5hsDKH7b2tLO6s3I,IDUM72100424,https://open.spotify.com/track/7I5SpqksVGppahx77uNC1Q,,E,minor,E minor
37i9dQZF1DWZxM58TRkuqg,Puncak Klasemen,https://i.scdn.co/image/ab67706f0000000372d962577b47cd3044562cc5,Spotify,spotify,0.329,0.438,1,-7.719,1,0.0288,0.563,0.00000424,0.124,0.197,136.072,69zr3m2IPoMDxlMjxxcNVu,https://api.spotify.com/v1/audio-analysis/69zr3m2IPoMDxlMjxxcNVu,4,2022-03-10T17:00:00Z,FALSE,,https://api.spotify.com/v1/users/,,user,spotify:user:,https://open.spotify.com/user/,,,1,264586,FALSE,FALSE,https://api.spotify.com/v1/tracks/69zr3m2IPoMDxlMjxxcNVu,FALSE,Kepada Hati,57,https://p.scdn.co/mp3-preview/541b7c54f6e2b4f0826066a360d2503c9f445e98?cid=46f08ee3e7d0421ab91abc12a45cc7b0,TRUE,1,track,spotify:track:69zr3m2IPoMDxlMjxxcNVu,single,,,https://api.spotify.com/v1/albums/6YmqOFWp7BUDdyKQieqQ71,6YmqOFWp7BUDdyKQieqQ71,,Kepada Hati,17-01-22,day,1,album,spotify:album:6YmqOFWp7BUDdyKQieqQ71,https://open.spotify.com/album/6YmqOFWp7BUDdyKQieqQ71,IDA622100147,https://open.spotify.com/track/69zr3m2IPoMDxlMjxxcNVu,,C#,major,C# major
37i9dQZF1DWZxM58TRkuqg,Puncak Klasemen,https://i.scdn.co/image/ab67706f0000000372d962577b47cd3044562cc5,Spotify,spotify,0.235,0.331,11,-9.706,1,0.0424,0.953,0.000548,0.118,0.315,77.01,51lqPXT6IxDD6L4qACmVsN,https://api.spotify.com/v1/audio-analysis/51lqPXT6IxDD6L4qACmVsN,4,2022-03-10T17:00:00Z,FALSE,,https://api.spotify.com/v1/users/,,user,spotify:user:,https://open.spotify.com/user/,,,1,244489,FALSE,FALSE,https://api.spotify.com/v1/tracks/51lqPXT6IxDD6L4qACmVsN,FALSE,"Terlalu Berharap - From ""Love Knots""",58,https://p.scdn.co/mp3-preview/b94affda2f9e0f8e7bbd684a8b83e1d6a59fce3b?cid=46f08ee3e7d0421ab91abc12a45cc7b0,TRUE,1,track,spotify:track:51lqPXT6IxDD6L4qACmVsN,single,,,https://api.spotify.com/v1/albums/4h8yQFqJiL9qxlQ51HrZwu,4h8yQFqJiL9qxlQ51HrZwu,,"Terlalu Berharap (From ""Love Knots"")",26-11-21,day,1,album,spotify:album:4h8yQFqJiL9qxlQ51HrZwu,https://open.spotify.com/album/4h8yQFqJiL9qxlQ51HrZwu,FRX872173014,https://open.spotify.com/track/51lqPXT6IxDD6L4qACmVsN,,B,major,B major
37i9dQZF1DWZxM58TRkuqg,Puncak Klasemen,https://i.scdn.co/image/ab67706f0000000372d962577b47cd3044562cc5,Spotify,spotify,0.313,0.405,3,-5.801,1,0.0324,0.854,0.0000186,0.112,0.342,61.174,1mHHdi2gHCnSJUpmPCfQlq,https://api.spotify.com/v1/audio-analysis/1mHHdi2gHCnSJUpmPCfQlq,4,2022-03-10T17:00:00Z,FALSE,,https://api.spotify.com/v1/users/,,user,spotify:user:,https://open.spotify.com/user/,,,1,351885,FALSE,FALSE,https://api.spotify.com/v1/tracks/1mHHdi2gHCnSJUpmPCfQlq,FALSE,Kangen,60,https://p.scdn.co/mp3-preview/7500e4c0df135213eb366ef210e1c4a37c426e29?cid=46f08ee3e7d0421ab91abc12a45cc7b0,TRUE,2,track,spotify:track:1mHHdi2gHCnSJUpmPCfQlq,single,,,https://api.spotify.com/v1/albums/1Nu57IYMONBk10GTTaVkt7,1Nu57IYMONBk10GTTaVkt7,,Kangen,10-12-21,day,4,album,spotify:album:1Nu57IYMONBk10GTTaVkt7,https://open.spotify.com/album/1Nu57IYMONBk10GTTaVkt7,IDAA22102734,https://open.spotify.com/track/1mHHdi2gHCnSJUpmPCfQlq,,D#,major,D# major
37i9dQZF1DWZxM58TRkuqg,Puncak Klasemen,https://i.scdn.co/image/ab67706f0000000372d962577b47cd3044562cc5,Spotify,spotify,0.495,0.336,7,-9.107,1,0.0308,0.473,0.000108,0.124,0.0636,120.036,7E9FnOwcFgYWrHTwq3IWp2,https://api.spotify.com/v1/audio-analysis/7E9FnOwcFgYWrHTwq3IWp2,4,2022-03-10T17:00:00Z,FALSE,,https://api.spotify.com/v1/users/,,user,spotify:user:,https://open.spotify.com/user/,,,1,251797,FALSE,FALSE,https://api.spotify.com/v1/tracks/7E9FnOwcFgYWrHTwq3IWp2,FALSE,Ego,60,https://p.scdn.co/mp3-preview/c9be38f9a59026c223608354314bd7360fc47d65?cid=46f08ee3e7d0421ab91abc12a45cc7b0,TRUE,1,track,spotify:track:7E9FnOwcFgYWrHTwq3IWp2,single,,,https://api.spotify.com/v1/albums/0Rtkhc501dImU58ZXFj9J7,0Rtkhc501dImU58ZXFj9J7,,Ego,03-12-21,day,1,album,spotify:album:0Rtkhc501dImU58ZXFj9J7,https://open.spotify.com/album/0Rtkhc501dImU58ZXFj9J7,FRX872183176,https://open.spotify.com/track/7E9FnOwcFgYWrHTwq3IWp2,,G,major,G major
37i9dQZF1DWZxM58TRkuqg,Puncak Klasemen,https://i.scdn.co/image/ab67706f0000000372d962577b47cd3044562cc5,Spotify,spotify,0.522,0.357,2,-8.579,1,0.0299,0.432,0.00000331,0.094,0.14,120.049,3FwQ3RYYEekzjEeL3jdpUZ,https://api.spotify.com/v1/audio-analysis/3FwQ3RYYEekzjEeL3jdpUZ,4,2022-03-10T17:00:00Z,FALSE,,https://api.spotify.com/v1/users/,,user,spotify:user:,https://open.spotify.com/user/,,,1,261299,FALSE,FALSE,https://api.spotify.com/v1/tracks/3FwQ3RYYEekzjEeL3jdpUZ,FALSE,Pesan Terakhir,79,,TRUE,8,track,spotify:track:3FwQ3RYYEekzjEeL3jdpUZ,album,,,https://api.spotify.com/v1/albums/20nf5isZzrFuEOr0tIZkWG,20nf5isZzrFuEOr0tIZkWG,,Lyodra,16-07-21,day,8,album,spotify:album:20nf5isZzrFuEOr0tIZkWG,https://open.spotify.com/album/20nf5isZzrFuEOr0tIZkWG,IDUM72100181,https://open.spotify.com/track/3FwQ3RYYEekzjEeL3jdpUZ,,D,major,D major
37i9dQZF1DWZxM58TRkuqg,Puncak Klasemen,https://i.scdn.co/image/ab67706f0000000372d962577b47cd3044562cc5,Spotify,spotify,0.479,0.399,10,-9.802,1,0.109,0.694,0.0274,0.101,0.339,81.965,6c0poW1ohmzVOGhDH0VWBx,https://api.spotify.com/v1/audio-analysis/6c0poW1ohmzVOGhDH0VWBx,4,2022-03-10T17:00:00Z,FALSE,,https://api.spotify.com/v1/users/,,user,spotify:user:,https://open.spotify.com/user/,,,1,232280,FALSE,FALSE,https://api.spotify.com/v1/tracks/6c0poW1ohmzVOGhDH0VWBx,FALSE,Patience,63,https://p.scdn.co/mp3-preview/4ec81e992584f4d9a09fd252141542ab4f8d37e4?cid=46f08ee3e7d0421ab91abc12a45cc7b0,TRUE,1,track,spotify:track:6c0poW1ohmzVOGhDH0VWBx,single,,,https://api.spotify.com/v1/albums/5hwRfmKWrTDonq9LEbnOBL,5hwRfmKWrTDonq9LEbnOBL,,Patience,11-02-22,day,1,album,spotify:album:5hwRfmKWrTDonq9LEbnOBL,https://open.spotify.com/album/5hwRfmKWrTDonq9LEbnOBL,QZAKB2155644,https://open.spotify.com/track/6c0poW1ohmzVOGhDH0VWBx,,A#,major,A# major
37i9dQZF1DWZxM58TRkuqg,Puncak Klasemen,https://i.scdn.co/image/ab67706f0000000372d962577b47cd3044562cc5,Spotify,spotify,0.617,0.489,11,-8.934,1,0.0363,0.136,0.00564,0.0912,0.554,137.973,6HP1bbIqafhFCRwMw81c7G,https://api.spotify.com/v1/audio-analysis/6HP1bbIqafhFCRwMw81c7G,4,2022-03-10T17:00:00Z,FALSE,,https://api.spotify.com/v1/users/,,user,spotify:user:,https://open.spotify.com/user/,,,1,199138,FALSE,FALSE,https://api.spotify.com/v1/tracks/6HP1bbIqafhFCRwMw81c7G,FALSE,Yang Terdalam,73,https://p.scdn.co/mp3-preview/33b7c8479a65c6161473c77e4519fdb05c12149f?cid=46f08ee3e7d0421ab91abc12a45cc7b0,TRUE,8,track,spotify:track:6HP1bbIqafhFCRwMw81c7G,album,,,https://api.spotify.com/v1/albums/3f75vj6VfHVhh4v0Sw6ZzC,3f75vj6VfHVhh4v0Sw6ZzC,,Taman Langit,17-12-21,day,11,album,spotify:album:3f75vj6VfHVhh4v0Sw6ZzC,https://open.spotify.com/album/3f75vj6VfHVhh4v0Sw6ZzC,IDA182132593,https://open.spotify.com/track/6HP1bbIqafhFCRwMw81c7G,,B,major,B major
37i9dQZF1DWZxM58TRkuqg,Puncak Klasemen,https://i.scdn.co/image/ab67706f0000000372d962577b47cd3044562cc5,Spotify,spotify,0.435,0.41,1,-7.017,1,0.0304,0.655,0,0.0934,0.321,127.847,5xavxt0orWg1AfjOPKjhb8,https://api.spotify.com/v1/audio-analysis/5xavxt0orWg1AfjOPKjhb8,4,2022-03-10T17:00:00Z,FALSE,,https://api.spotify.com/v1/users/,,user,spotify:user:,https://open.spotify.com/user/,,,1,275790,FALSE,FALSE,https://api.spotify.com/v1/tracks/5xavxt0orWg1AfjOPKjhb8,FALSE,Takkan Berhenti Mencintaimu,59,https://p.scdn.co/mp3-preview/8cc5227af52044361d8d8b44a698b180600ab929?cid=46f08ee3e7d0421ab91abc12a45cc7b0,TRUE,1,track,spotify:track:5xavxt0orWg1AfjOPKjhb8,single,,,https://api.spotify.com/v1/albums/3ky0PV1rM6fSG8Qrvm77Y6,3ky0PV1rM6fSG8Qrvm77Y6,,Takkan Berhenti Mencintaimu,02-12-21,day,1,album,spotify:album:3ky0PV1rM6fSG8Qrvm77Y6,https://open.spotify.com/album/3ky0PV1rM6fSG8Qrvm77Y6,FRX872177888,https://open.spotify.com/track/5xavxt0orWg1AfjOPKjhb8,,C#,major,C# major
37i9dQZF1DWZxM58TRkuqg,Puncak Klasemen,https://i.scdn.co/image/ab67706f0000000372d962577b47cd3044562cc5,Spotify,spotify,0.605,0.489,3,-7.42,1,0.0246,0.575,0.00168,0.0954,0.399,80.008,4YuzrUzwpTR8aRqLqepiFo,https://api.spotify.com/v1/audio-analysis/4YuzrUzwpTR8aRqLqepiFo,4,2022-03-10T17:00:00Z,FALSE,,https://api.spotify.com/v1/users/,,user,spotify:user:,https://open.spotify.com/user/,,,1,244650,FALSE,FALSE,https://api.spotify.com/v1/tracks/4YuzrUzwpTR8aRqLqepiFo,FALSE,Aku Bukan Jodohnya,77,https://p.scdn.co/mp3-preview/ae518eec7008602c0f7f5bccfb187fa902429c9f?cid=46f08ee3e7d0421ab91abc12a45cc7b0,TRUE,1,track,spotify:track:4YuzrUzwpTR8aRqLqepiFo,single,,,https://api.spotify.com/v1/albums/4QOfOq221iUZ9m9q24zuY5,4QOfOq221iUZ9m9q24zuY5,,Aku Bukan Jodohnya,05-05-21,day,1,album,spotify:album:4QOfOq221iUZ9m9q24zuY5,https://open.spotify.com/album/4QOfOq221iUZ9m9q24zuY5,FR96X2115764,https://open.spotify.com/track/4YuzrUzwpTR8aRqLqepiFo,,D#,major,D# major
37i9dQZF1DWZxM58TRkuqg,Puncak Klasemen,https://i.scdn.co/image/ab67706f0000000372d962577b47cd3044562cc5,Spotify,spotify,0.651,0.677,4,-7.769,1,0.138,0.197,0,0.247,0.324,129.923,7pzfaLBUK9WvVT2ageCLZ5,https://api.spotify.com/v1/audio-analysis/7pzfaLBUK9WvVT2ageCLZ5,4,2022-03-10T17:00:00Z,FALSE,,https://api.spotify.com/v1/users/,,user,spotify:user:,https://open.spotify.com/user/,,,1,181840,FALSE,TRUE,https://api.spotify.com/v1/tracks/7pzfaLBUK9WvVT2ageCLZ5,FALSE,RUNAWAY W ME,58,https://p.scdn.co/mp3-preview/128bee483392690815c2f61d6e3bf6831151da31?cid=46f08ee3e7d0421ab91abc12a45cc7b0,TRUE,1,track,spotify:track:7pzfaLBUK9WvVT2ageCLZ5,single,,,https://api.spotify.com/v1/albums/0e5zw8a0EjqapZqc7Fkmv4,0e5zw8a0EjqapZqc7Fkmv4,,RUNAWAY W ME,04-02-22,day,1,album,spotify:album:0e5zw8a0EjqapZqc7Fkmv4,https://open.spotify.com/album/0e5zw8a0EjqapZqc7Fkmv4,ZZOPM2119839,https://open.spotify.com/track/7pzfaLBUK9WvVT2ageCLZ5,,E,major,E major
37i9dQZF1DWZxM58TRkuqg,Puncak Klasemen,https://i.scdn.co/image/ab67706f0000000372d962577b47cd3044562cc5,Spotify,spotify,0.593,0.287,3,-13.164,1,0.0289,0.876,0.000136,0.119,0.191,127.783,79DpN3v4OObqjGSNCYk3MA,https://api.spotify.com/v1/audio-analysis/79DpN3v4OObqjGSNCYk3MA,4,2022-03-10T17:00:00Z,FALSE,,https://api.spotify.com/v1/users/,,user,spotify:user:,https://open.spotify.com/user/,,,1,223973,FALSE,FALSE,https://api.spotify.com/v1/tracks/79DpN3v4OObqjGSNCYk3MA,FALSE,Runtuh,32,,TRUE,1,track,spotify:track:79DpN3v4OObqjGSNCYk3MA,single,,,https://api.spotify.com/v1/albums/4L4GUKLp20jVdGEu5G0kij,4L4GUKLp20jVdGEu5G0kij,,Runtuh,01-10-21,day,1,album,spotify:album:4L4GUKLp20jVdGEu5G0kij,https://open.spotify.com/album/4L4GUKLp20jVdGEu5G0kij,QZNWQ2157983,https://open.spotify.com/track/79DpN3v4OObqjGSNCYk3MA,,D#,major,D# major
37i9dQZF1DWZxM58TRkuqg,Puncak Klasemen,https://i.scdn.co/image/ab67706f0000000372d962577b47cd3044562cc5,Spotify,spotify,0.527,0.24,2,-8.828,1,0.0303,0.96,0.000199,0.0818,0.217,80.128,1qHddOZ7pwtmOsw0RmlKFx,https://api.spotify.com/v1/audio-analysis/1qHddOZ7pwtmOsw0RmlKFx,4,2022-03-10T17:00:00Z,FALSE,,https://api.spotify.com/v1/users/,,user,spotify:user:,https://open.spotify.com/user/,,,1,319700,FALSE,FALSE,https://api.spotify.com/v1/tracks/1qHddOZ7pwtmOsw0RmlKFx,FALSE,Takut,78,https://p.scdn.co/mp3-preview/0bac4fb940d169abb673d11c277a63b2e7fbff5c?cid=46f08ee3e7d0421ab91abc12a45cc7b0,TRUE,1,track,spotify:track:1qHddOZ7pwtmOsw0RmlKFx,single,,,https://api.spotify.com/v1/albums/7EDGBbCqiZ8X9ecuGAnziL,7EDGBbCqiZ8X9ecuGAnziL,,Takut,01-10-21,day,1,album,spotify:album:7EDGBbCqiZ8X9ecuGAnziL,https://open.spotify.com/album/7EDGBbCqiZ8X9ecuGAnziL,FRX452138962,https://open.spotify.com/track/1qHddOZ7pwtmOsw0RmlKFx,,D,major,D major
37i9dQZF1DWZxM58TRkuqg,Puncak Klasemen,https://i.scdn.co/image/ab67706f0000000372d962577b47cd3044562cc5,Spotify,spotify,0.661,0.484,6,-7.894,1,0.102,0.496,0.000368,0.104,0.795,86.058,5hBpxb5JtyfqLWOlIaZ9YY,https://api.spotify.com/v1/audio-analysis/5hBpxb5JtyfqLWOlIaZ9YY,4,2022-03-10T17:00:00Z,FALSE,,https://api.spotify.com/v1/users/,,user,spotify:user:,https://open.spotify.com/user/,,,1,273662,FALSE,TRUE,https://api.spotify.com/v1/tracks/5hBpxb5JtyfqLWOlIaZ9YY,FALSE,Birdy,62,https://p.scdn.co/mp3-preview/2e70f697936f5e63241276b94db095e105581ad9?cid=46f08ee3e7d0421ab91abc12a45cc7b0,TRUE,1,track,spotify:track:5hBpxb5JtyfqLWOlIaZ9YY,single,,,https://api.spotify.com/v1/albums/77yXxEndm5eQyRQUQweAsY,77yXxEndm5eQyRQUQweAsY,,Birdy,27-01-22,day,1,album,spotify:album:77yXxEndm5eQyRQUQweAsY,https://open.spotify.com/album/77yXxEndm5eQyRQUQweAsY,FR10S2236562,https://open.spotify.com/track/5hBpxb5JtyfqLWOlIaZ9YY,,F#,major,F# major
37i9dQZF1DWZxM58TRkuqg,Puncak Klasemen,https://i.scdn.co/image/ab67706f0000000372d962577b47cd3044562cc5,Spotify,spotify,0.516,0.538,7,-9.378,1,0.0402,0.522,0.0000414,0.407,0.245,82.047,4gjjm1Q1fgHby4einyc0rV,https://api.spotify.com/v1/audio-analysis/4gjjm1Q1fgHby4einyc0rV,4,2022-03-10T17:00:00Z,FALSE,,https://api.spotify.com/v1/users/,,user,spotify:user:,https://open.spotify.com/user/,,,1,248334,FALSE,FALSE,https://api.spotify.com/v1/tracks/4gjjm1Q1fgHby4einyc0rV,FALSE,Write Me Another Song,53,https://p.scdn.co/mp3-preview/aad0df7b6a5b7a5c5d564a3ba31b0f41558fc66d?cid=46f08ee3e7d0421ab91abc12a45cc7b0,TRUE,1,track,spotify:track:4gjjm1Q1fgHby4einyc0rV,single,,,https://api.spotify.com/v1/albums/0DKTxLlMO5NZGrAjXZ9C4S,0DKTxLlMO5NZGrAjXZ9C4S,,Write Me Another Song,28-01-22,day,1,album,spotify:album:0DKTxLlMO5NZGrAjXZ9C4S,https://open.spotify.com/album/0DKTxLlMO5NZGrAjXZ9C4S,FRS182158112,https://open.spotify.com/track/4gjjm1Q1fgHby4einyc0rV,,G,major,G major
37i9dQZF1DWZxM58TRkuqg,Puncak Klasemen,https://i.scdn.co/image/ab67706f0000000372d962577b47cd3044562cc5,Spotify,spotify,0.625,0.621,10,-4.089,1,0.0519,0.201,0,0.276,0.774,90.029,056yJ4VyffHDRN3fTOWBQQ,https://api.spotify.com/v1/audio-analysis/056yJ4VyffHDRN3fTOWBQQ,4,2022-03-10T17:00:00Z,FALSE,,https://api.spotify.com/v1/users/,,user,spotify:user:,https://open.spotify.com/user/,,,1,190167,FALSE,FALSE,https://api.spotify.com/v1/tracks/056yJ4VyffHDRN3fTOWBQQ,FALSE,Berakhir Sama,68,,TRUE,1,track,spotify:track:056yJ4VyffHDRN3fTOWBQQ,single,,,https://api.spotify.com/v1/albums/4rl5wPXYNeOstk2aqxoKNp,4rl5wPXYNeOstk2aqxoKNp,,Berakhir Sama,15-10-21,day,1,album,spotify:album:4rl5wPXYNeOstk2aqxoKNp,https://open.spotify.com/album/4rl5wPXYNeOstk2aqxoKNp,QZNWR2162481,https://open.spotify.com/track/056yJ4VyffHDRN3fTOWBQQ,,A#,major,A# major
37i9dQZF1DWZxM58TRkuqg,Puncak Klasemen,https://i.scdn.co/image/ab67706f0000000372d962577b47cd3044562cc5,Spotify,spotify,0.503,0.85,4,-2.645,1,0.0704,0.0388,0,0.118,0.645,139.923,06JZhG8kkmhan3G79nKnFY,https://api.spotify.com/v1/audio-analysis/06JZhG8kkmhan3G79nKnFY,4,2022-03-10T17:00:00Z,FALSE,,https://api.spotify.com/v1/users/,,user,spotify:user:,https://open.spotify.com/user/,,,1,186000,FALSE,FALSE,https://api.spotify.com/v1/tracks/06JZhG8kkmhan3G79nKnFY,FALSE,Shes Nothing,50,https://p.scdn.co/mp3-preview/7c375b04a1bc87b2b396fbdb88406bd5e8afe5ce?cid=46f08ee3e7d0421ab91abc12a45cc7b0,TRUE,1,track,spotify:track:06JZhG8kkmhan3G79nKnFY,single,,,https://api.spotify.com/v1/albums/50VfNalazedQhxpLc9YyRY,50VfNalazedQhxpLc9YyRY,,Shes Nothing,14-01-22,day,1,album,spotify:album:50VfNalazedQhxpLc9YyRY,https://open.spotify.com/album/50VfNalazedQhxpLc9YyRY,IDA182232686,https://open.spotify.com/track/06JZhG8kkmhan3G79nKnFY,,E,major,E major
37i9dQZF1DWZxM58TRkuqg,Puncak Klasemen,https://i.scdn.co/image/ab67706f0000000372d962577b47cd3044562cc5,Spotify,spotify,0.441,0.308,9,-9.33,1,0.0281,0.845,0,0.136,0.381,139.798,4ZX6ww7kJCABHIDQfy9Bmd,https://api.spotify.com/v1/audio-analysis/4ZX6ww7kJCABHIDQfy9Bmd,4,2022-03-10T17:00:00Z,FALSE,,https://api.spotify.com/v1/users/,,user,spotify:user:,https://open.spotify.com/user/,,,1,262734,FALSE,FALSE,https://api.spotify.com/v1/tracks/4ZX6ww7kJCABHIDQfy9Bmd,FALSE,Mesin Waktu,76,https://p.scdn.co/mp3-preview/64704943bba8a66da9e4638aa9ca2eaa2a624040?cid=46f08ee3e7d0421ab91abc12a45cc7b0,TRUE,1,track,spotify:track:4ZX6ww7kJCABHIDQfy9Bmd,single,,,https://api.spotify.com/v1/albums/50po9sQMJ9mv7TNWW5lPZy,50po9sQMJ9mv7TNWW5lPZy,,Mesin Waktu,01-04-21,day,1,album,spotify:album:50po9sQMJ9mv7TNWW5lPZy,https://open.spotify.com/album/50po9sQMJ9mv7TNWW5lPZy,IDA642102510,https://open.spotify.com/track/4ZX6ww7kJCABHIDQfy9Bmd,,A,major,A major
37i9dQZF1DWZxM58TRkuqg,Puncak Klasemen,https://i.scdn.co/image/ab67706f0000000372d962577b47cd3044562cc5,Spotify,spotify,0.611,0.554,9,-6.279,1,0.0384,0.612,0.00000546,0.659,0.612,83.927,4xEcTICXVeJMelJJya2IXR,https://api.spotify.com/v1/audio-analysis/4xEcTICXVeJMelJJya2IXR,4,2022-03-10T17:00:00Z,FALSE,,https://api.spotify.com/v1/users/,,user,spotify:user:,https://open.spotify.com/user/,,,1,235340,FALSE,FALSE,https://api.spotify.com/v1/tracks/4xEcTICXVeJMelJJya2IXR,FALSE,Semoga Sembuh,55,https://p.scdn.co/mp3-preview/11fb79b5486839af1f4e86cf9e2af15a8e4c8267?cid=46f08ee3e7d0421ab91abc12a45cc7b0,TRUE,5,track,spotify:track:4xEcTICXVeJMelJJya2IXR,single,,,https://api.spotify.com/v1/albums/6x67lQpaX0KyEpmso8bfqh,6x67lQpaX0KyEpmso8bfqh,,Semoga Sembuh,21-01-22,day,5,album,spotify:album:6x67lQpaX0KyEpmso8bfqh,https://open.spotify.com/album/6x67lQpaX0KyEpmso8bfqh,FRS182131663,https://open.spotify.com/track/4xEcTICXVeJMelJJya2IXR,,A,major,A major
37i9dQZF1DWZxM58TRkuqg,Puncak Klasemen,https://i.scdn.co/image/ab67706f0000000372d962577b47cd3044562cc5,Spotify,spotify,0.626,0.344,7,-7.867,1,0.0318,0.808,0,0.0773,0.304,119.895,6shEr6AgLBDlfYlax2UzzL,https://api.spotify.com/v1/audio-analysis/6shEr6AgLBDlfYlax2UzzL,4,2022-03-10T17:00:00Z,FALSE,,https://api.spotify.com/v1/users/,,user,spotify:user:,https://open.spotify.com/user/,,,1,219896,FALSE,FALSE,https://api.spotify.com/v1/tracks/6shEr6AgLBDlfYlax2UzzL,FALSE,Melawan Restu,79,https://p.scdn.co/mp3-preview/2e7e92f103fe175a488c0dc670ee583fe9eeef64?cid=46f08ee3e7d0421ab91abc12a45cc7b0,TRUE,1,track,spotify:track:6shEr6AgLBDlfYlax2UzzL,single,,,https://api.spotify.com/v1/albums/5LEnyJ9RP1ZyVgvcKfpwd0,5LEnyJ9RP1ZyVgvcKfpwd0,,Melawan Restu,26-03-21,day,1,album,spotify:album:5LEnyJ9RP1ZyVgvcKfpwd0,https://open.spotify.com/album/5LEnyJ9RP1ZyVgvcKfpwd0,FR2X42175037,https://open.spotify.com/track/6shEr6AgLBDlfYlax2UzzL,,G,major,G major
37i9dQZF1DWZxM58TRkuqg,Puncak Klasemen,https://i.scdn.co/image/ab67706f0000000372d962577b47cd3044562cc5,Spotify,spotify,0.553,0.477,3,-8.131,1,0.0347,0.84,0.0000157,0.0831,0.193,132.078,5BM5El7xNf5tALWP4VhFrI,https://api.spotify.com/v1/audio-analysis/5BM5El7xNf5tALWP4VhFrI,4,2022-03-10T17:00:00Z,FALSE,,https://api.spotify.com/v1/users/,,user,spotify:user:,https://open.spotify.com/user/,,,1,227821,FALSE,FALSE,https://api.spotify.com/v1/tracks/5BM5El7xNf5tALWP4VhFrI,FALSE,"Tersanjung - from ""Tersanjung The Series""",55,https://p.scdn.co/mp3-preview/581d959ba2671c2a532fb7985c7bc37cb225c315?cid=46f08ee3e7d0421ab91abc12a45cc7b0,TRUE,1,track,spotify:track:5BM5El7xNf5tALWP4VhFrI,single,,,https://api.spotify.com/v1/albums/2XiL49rQILqQ2xfTEgiVFp,2XiL49rQILqQ2xfTEgiVFp,,"Tersanjung (from ""Tersanjung The Series"")",09-12-21,day,1,album,spotify:album:2XiL49rQILqQ2xfTEgiVFp,https://open.spotify.com/album/2XiL49rQILqQ2xfTEgiVFp,IDA042183127,https://open.spotify.com/track/5BM5El7xNf5tALWP4VhFrI,,D#,major,D# major
37i9dQZF1DWZxM58TRkuqg,Puncak Klasemen,https://i.scdn.co/image/ab67706f0000000372d962577b47cd3044562cc5,Spotify,spotify,0.414,0.26,6,-7.746,1,0.0357,0.83,0,0.0822,0.224,116.237,35xF6iKiyjohKJgg7dntw4,https://api.spotify.com/v1/audio-analysis/35xF6iKiyjohKJgg7dntw4,4,2022-03-10T17:00:00Z,FALSE,,https://api.spotify.com/v1/users/,,user,spotify:user:,https://open.spotify.com/user/,,,1,277359,FALSE,FALSE,https://api.spotify.com/v1/tracks/35xF6iKiyjohKJgg7dntw4,FALSE,Meant 2 Be,67,https://p.scdn.co/mp3-preview/c7817857a9fc98c21aef6d1a3cb2f478694ead88?cid=46f08ee3e7d0421ab91abc12a45cc7b0,TRUE,1,track,spotify:track:35xF6iKiyjohKJgg7dntw4,single,,,https://api.spotify.com/v1/albums/0KORzAxKyh3MKupM2ArZtd,0KORzAxKyh3MKupM2ArZtd,,Meant 2 Be,26-11-21,day,1,album,spotify:album:0KORzAxKyh3MKupM2ArZtd,https://open.spotify.com/album/0KORzAxKyh3MKupM2ArZtd,IDA182132428,https://open.spotify.com/track/35xF6iKiyjohKJgg7dntw4,,F#,major,F# major
37i9dQZF1DWZxM58TRkuqg,Puncak Klasemen,https://i.scdn.co/image/ab67706f0000000372d962577b47cd3044562cc5,Spotify,spotify,0.512,0.705,6,-6.051,0,0.0407,0.363,0,0.169,0.517,92.911,5S8TtEVuFPY9XEjg2hNWHa,https://api.spotify.com/v1/audio-analysis/5S8TtEVuFPY9XEjg2hNWHa,4,2022-03-10T17:00:00Z,FALSE,,https://api.spotify.com/v1/users/,,user,spotify:user:,https://open.spotify.com/user/,,,1,227595,FALSE,FALSE,https://api.spotify.com/v1/tracks/5S8TtEVuFPY9XEjg2hNWHa,FALSE,Terlukis Indah,75,,TRUE,1,track,spotify:track:5S8TtEVuFPY9XEjg2hNWHa,single,,,https://api.spotify.com/v1/albums/5Qk3VFJJ4CKS3zcBNp2YRs,5Qk3VFJJ4CKS3zcBNp2YRs,,Terlukis Indah,09-07-21,day,1,album,spotify:album:5Qk3VFJJ4CKS3zcBNp2YRs,https://open.spotify.com/album/5Qk3VFJJ4CKS3zcBNp2YRs,IDUM72100157,https://open.spotify.com/track/5S8TtEVuFPY9XEjg2hNWHa,,F#,minor,F# minor
37i9dQZF1DWZxM58TRkuqg,Puncak Klasemen,https://i.scdn.co/image/ab67706f0000000372d962577b47cd3044562cc5,Spotify,spotify,0.602,0.298,4,-13.333,1,0.0385,0.31,0,0.117,0.316,119.889,2CoxJRIhTKvHyFIq9FcDO5,https://api.spotify.com/v1/audio-analysis/2CoxJRIhTKvHyFIq9FcDO5,4,2022-03-10T17:00:00Z,FALSE,,https://api.spotify.com/v1/users/,,user,spotify:user:,https://open.spotify.com/user/,,,1,203075,FALSE,FALSE,https://api.spotify.com/v1/tracks/2CoxJRIhTKvHyFIq9FcDO5,FALSE,It's Only Me - Studio Version,78,https://p.scdn.co/mp3-preview/419fc8277ed14bb9f6d0b8e80cfce02f886cc47b?cid=46f08ee3e7d0421ab91abc12a45cc7b0,TRUE,1,track,spotify:track:2CoxJRIhTKvHyFIq9FcDO5,single,,,https://api.spotify.com/v1/albums/2BQkplVABAVVOzvZzRkBQ4,2BQkplVABAVVOzvZzRkBQ4,,It's Only Me (Studio Version),26-11-20,day,1,album,spotify:album:2BQkplVABAVVOzvZzRkBQ4,https://open.spotify.com/album/2BQkplVABAVVOzvZzRkBQ4,FRX762093652,https://open.spotify.com/track/2CoxJRIhTKvHyFIq9FcDO5,,E,major,E major
37i9dQZF1DWZxM58TRkuqg,Puncak Klasemen,https://i.scdn.co/image/ab67706f0000000372d962577b47cd3044562cc5,Spotify,spotify,0.588,0.311,8,-8.143,1,0.025,0.791,0,0.352,0.545,86.022,6iCGpfjYviybL08jXTPW8D,https://api.spotify.com/v1/audio-analysis/6iCGpfjYviybL08jXTPW8D,4,2022-03-10T17:00:00Z,FALSE,,https://api.spotify.com/v1/users/,,user,spotify:user:,https://open.spotify.com/user/,,,1,234204,FALSE,FALSE,https://api.spotify.com/v1/tracks/6iCGpfjYviybL08jXTPW8D,FALSE,Lantas,61,https://p.scdn.co/mp3-preview/2d301046dd838f528dd4b8947f51dbda4b01dad3?cid=46f08ee3e7d0421ab91abc12a45cc7b0,TRUE,1,track,spotify:track:6iCGpfjYviybL08jXTPW8D,single,,,https://api.spotify.com/v1/albums/22sjNQiKmvlxJMndPSxqea,22sjNQiKmvlxJMndPSxqea,,Lantas,28-08-20,day,1,album,spotify:album:22sjNQiKmvlxJMndPSxqea,https://open.spotify.com/album/22sjNQiKmvlxJMndPSxqea,IDA162000474,https://open.spotify.com/track/6iCGpfjYviybL08jXTPW8D,,G#,major,G# major
37i9dQZF1DWZxM58TRkuqg,Puncak Klasemen,https://i.scdn.co/image/ab67706f0000000372d962577b47cd3044562cc5,Spotify,spotify,0.507,0.301,5,-7.817,1,0.0262,0.901,0.0000182,0.0929,0.253,90.07,1Lr1X8fhSS9Q8jEiTwSkQB,https://api.spotify.com/v1/audio-analysis/1Lr1X8fhSS9Q8jEiTwSkQB,4,2022-03-10T17:00:00Z,FALSE,,https://api.spotify.com/v1/users/,,user,spotify:user:,https://open.spotify.com/user/,,,1,247333,FALSE,FALSE,https://api.spotify.com/v1/tracks/1Lr1X8fhSS9Q8jEiTwSkQB,FALSE,Tabu - Original Soundtrack Merindu Cahaya de Amstel,67,,TRUE,1,track,spotify:track:1Lr1X8fhSS9Q8jEiTwSkQB,single,,,https://api.spotify.com/v1/albums/5Ielzc9FBCJQYmRJLCVDfC,5Ielzc9FBCJQYmRJLCVDfC,,Tabu (Original Soundtrack Merindu Cahaya de Amstel),05-11-21,day,1,album,spotify:album:5Ielzc9FBCJQYmRJLCVDfC,https://open.spotify.com/album/5Ielzc9FBCJQYmRJLCVDfC,IDUM72100431,https://open.spotify.com/track/1Lr1X8fhSS9Q8jEiTwSkQB,,F,major,F major
37i9dQZF1DWZxM58TRkuqg,Puncak Klasemen,https://i.scdn.co/image/ab67706f0000000372d962577b47cd3044562cc5,Spotify,spotify,0.461,0.405,9,-7.967,1,0.0307,0.521,0.00000644,0.0801,0.442,139.932,0z7jhodL97W88al5OI1zh1,https://api.spotify.com/v1/audio-analysis/0z7jhodL97W88al5OI1zh1,4,2022-03-10T17:00:00Z,FALSE,,https://api.spotify.com/v1/users/,,user,spotify:user:,https://open.spotify.com/user/,,,1,268534,FALSE,FALSE,https://api.spotify.com/v1/tracks/0z7jhodL97W88al5OI1zh1,FALSE,Orang Yang Sama,68,https://p.scdn.co/mp3-preview/38769778d3ddf096e48c6fab5c7feae49844f38d?cid=46f08ee3e7d0421ab91abc12a45cc7b0,TRUE,1,track,spotify:track:0z7jhodL97W88al5OI1zh1,single,,,https://api.spotify.com/v1/albums/4EERiS8fZYOxtHPn06HP8P,4EERiS8fZYOxtHPn06HP8P,,Orang Yang Sama,15-04-21,day,1,album,spotify:album:4EERiS8fZYOxtHPn06HP8P,https://open.spotify.com/album/4EERiS8fZYOxtHPn06HP8P,IDA642102513,https://open.spotify.com/track/0z7jhodL97W88al5OI1zh1,,A,major,A major
37i9dQZF1DWZxM58TRkuqg,Puncak Klasemen,https://i.scdn.co/image/ab67706f0000000372d962577b47cd3044562cc5,Spotify,spotify,0.295,0.349,5,-8.244,1,0.0347,0.593,0,0.165,0.364,204.996,3uzbpsQAHeRFrdJyNPQ0Kg,https://api.spotify.com/v1/audio-analysis/3uzbpsQAHeRFrdJyNPQ0Kg,4,2022-03-10T17:00:00Z,FALSE,,https://api.spotify.com/v1/users/,,user,spotify:user:,https://open.spotify.com/user/,,,1,250650,FALSE,FALSE,https://api.spotify.com/v1/tracks/3uzbpsQAHeRFrdJyNPQ0Kg,FALSE,Bisa Tanpamu,68,https://p.scdn.co/mp3-preview/271cce12b57c88c082fec0868816acae4506fcdd?cid=46f08ee3e7d0421ab91abc12a45cc7b0,TRUE,1,track,spotify:track:3uzbpsQAHeRFrdJyNPQ0Kg,single,,,https://api.spotify.com/v1/albums/4JKw9FV4m0dADxuz7C91eL,4JKw9FV4m0dADxuz7C91eL,,Bisa Tanpamu,27-08-21,day,1,album,spotify:album:4JKw9FV4m0dADxuz7C91eL,https://open.spotify.com/album/4JKw9FV4m0dADxuz7C91eL,FRX282182783,https://open.spotify.com/track/3uzbpsQAHeRFrdJyNPQ0Kg,,F,major,F major
37i9dQZF1DWZxM58TRkuqg,Puncak Klasemen,https://i.scdn.co/image/ab67706f0000000372d962577b47cd3044562cc5,Spotify,spotify,0.635,0.388,6,-8.647,1,0.0285,0.861,0.000327,0.111,0.432,126.062,45FQZlkNDDHg4pzyjiLQkc,https://api.spotify.com/v1/audio-analysis/45FQZlkNDDHg4pzyjiLQkc,4,2022-03-10T17:00:00Z,FALSE,,https://api.spotify.com/v1/users/,,user,spotify:user:,https://open.spotify.com/user/,,,1,260000,FALSE,FALSE,https://api.spotify.com/v1/tracks/45FQZlkNDDHg4pzyjiLQkc,FALSE,Bahaya,71,,TRUE,1,track,spotify:track:45FQZlkNDDHg4pzyjiLQkc,single,,,https://api.spotify.com/v1/albums/4MidcEabYlfTGK6LGMzpSY,4MidcEabYlfTGK6LGMzpSY,,Bahaya,05-03-21,day,1,album,spotify:album:4MidcEabYlfTGK6LGMzpSY,https://open.spotify.com/album/4MidcEabYlfTGK6LGMzpSY,IDUM72000113,https://open.spotify.com/track/45FQZlkNDDHg4pzyjiLQkc,,F#,major,F# major
37i9dQZF1DWZxM58TRkuqg,Puncak Klasemen,https://i.scdn.co/image/ab67706f0000000372d962577b47cd3044562cc5,Spotify,spotify,0.597,0.696,7,-6.134,0,0.0354,0.267,0,0.13,0.497,89.943,0ZFSWJ0dPnjhHmVr9o6WhO,https://api.spotify.com/v1/audio-analysis/0ZFSWJ0dPnjhHmVr9o6WhO,4,2022-03-10T17:00:00Z,FALSE,,https://api.spotify.com/v1/users/,,user,spotify:user:,https://open.spotify.com/user/,,,1,248333,FALSE,FALSE,https://api.spotify.com/v1/tracks/0ZFSWJ0dPnjhHmVr9o6WhO,FALSE,Pepatah,56,https://p.scdn.co/mp3-preview/f20bac085a72928a613e6e4d0fd4d7e69e47626e?cid=46f08ee3e7d0421ab91abc12a45cc7b0,TRUE,1,track,spotify:track:0ZFSWJ0dPnjhHmVr9o6WhO,single,,,https://api.spotify.com/v1/albums/35fWupDGznkOl6nZpgquiK,35fWupDGznkOl6nZpgquiK,,Pepatah,26-11-21,day,1,album,spotify:album:35fWupDGznkOl6nZpgquiK,https://open.spotify.com/album/35fWupDGznkOl6nZpgquiK,FRX872139991,https://open.spotify.com/track/0ZFSWJ0dPnjhHmVr9o6WhO,,G,minor,G minor
37i9dQZF1DWZxM58TRkuqg,Puncak Klasemen,https://i.scdn.co/image/ab67706f0000000372d962577b47cd3044562cc5,Spotify,spotify,0.474,0.235,4,-10.349,0,0.0319,0.873,0.00000268,0.107,0.26,144.08,3CTFFZFXFzAFVQA7ab9Wv0,https://api.spotify.com/v1/audio-analysis/3CTFFZFXFzAFVQA7ab9Wv0,4,2022-03-10T17:00:00Z,FALSE,,https://api.spotify.com/v1/users/,,user,spotify:user:,https://open.spotify.com/user/,,,1,228040,FALSE,FALSE,https://api.spotify.com/v1/tracks/3CTFFZFXFzAFVQA7ab9Wv0,FALSE,Hati dan Logika,56,https://p.scdn.co/mp3-preview/e6e4cb2c32e10bb61753106437d49a7163e7e865?cid=46f08ee3e7d0421ab91abc12a45cc7b0,TRUE,1,track,spotify:track:3CTFFZFXFzAFVQA7ab9Wv0,single,,,https://api.spotify.com/v1/albums/29EMsuf8aRlusErZzNDrpY,29EMsuf8aRlusErZzNDrpY,,Hati dan Logika,28-11-21,day,1,album,spotify:album:29EMsuf8aRlusErZzNDrpY,https://open.spotify.com/album/29EMsuf8aRlusErZzNDrpY,FRX872172585,https://open.spotify.com/track/3CTFFZFXFzAFVQA7ab9Wv0,,E,minor,E minor
37i9dQZF1DWZxM58TRkuqg,Puncak Klasemen,https://i.scdn.co/image/ab67706f0000000372d962577b47cd3044562cc5,Spotify,spotify,0.674,0.343,10,-7.059,0,0.0286,0.948,0.0000115,0.124,0.292,146.019,3QWIMcT8jEbBaGAXZDRmel,https://api.spotify.com/v1/audio-analysis/3QWIMcT8jEbBaGAXZDRmel,4,2022-03-10T17:00:00Z,FALSE,,https://api.spotify.com/v1/users/,,user,spotify:user:,https://open.spotify.com/user/,,,1,211337,FALSE,FALSE,https://api.spotify.com/v1/tracks/3QWIMcT8jEbBaGAXZDRmel,FALSE,Picture Myself,60,https://p.scdn.co/mp3-preview/b4709757396a677fe5bb9bbcec6c66a2ba92c52f?cid=46f08ee3e7d0421ab91abc12a45cc7b0,TRUE,1,track,spotify:track:3QWIMcT8jEbBaGAXZDRmel,single,,,https://api.spotify.com/v1/albums/6LHKYRQ0aTADgfgZErmYjT,6LHKYRQ0aTADgfgZErmYjT,,Picture Myself,13-01-22,day,1,album,spotify:album:6LHKYRQ0aTADgfgZErmYjT,https://open.spotify.com/album/6LHKYRQ0aTADgfgZErmYjT,ZZOPM2114005,https://open.spotify.com/track/3QWIMcT8jEbBaGAXZDRmel,,A#,minor,A# minor
37i9dQZF1DWZxM58TRkuqg,Puncak Klasemen,https://i.scdn.co/image/ab67706f0000000372d962577b47cd3044562cc5,Spotify,spotify,0.55,0.653,6,-5.386,0,0.166,0.394,0,0.108,0.5,98.198,6Qv7LPKK8vbNoNBHIXmwvr,https://api.spotify.com/v1/audio-analysis/6Qv7LPKK8vbNoNBHIXmwvr,4,2022-03-10T17:00:00Z,FALSE,,https://api.spotify.com/v1/users/,,user,spotify:user:,https://open.spotify.com/user/,,,1,132000,FALSE,FALSE,https://api.spotify.com/v1/tracks/6Qv7LPKK8vbNoNBHIXmwvr,FALSE,Earn It,49,https://p.scdn.co/mp3-preview/e47419ff22ce5f7f62946d0fdebe9caa0b876865?cid=46f08ee3e7d0421ab91abc12a45cc7b0,TRUE,1,track,spotify:track:6Qv7LPKK8vbNoNBHIXmwvr,single,,,https://api.spotify.com/v1/albums/7J2URZn2cOHmrud1G0WMyO,7J2URZn2cOHmrud1G0WMyO,,Earn It,26-01-22,day,1,album,spotify:album:7J2URZn2cOHmrud1G0WMyO,https://open.spotify.com/album/7J2URZn2cOHmrud1G0WMyO,USUYG1404305,https://open.spotify.com/track/6Qv7LPKK8vbNoNBHIXmwvr,,F#,minor,F# minor
37i9dQZF1DWZxM58TRkuqg,Puncak Klasemen,https://i.scdn.co/image/ab67706f0000000372d962577b47cd3044562cc5,Spotify,spotify,0.533,0.506,7,-8.362,1,0.0257,0.43,0,0.111,0.241,90.007,6uL3GeZWgUs1Nlji0bGvvU,https://api.spotify.com/v1/audio-analysis/6uL3GeZWgUs1Nlji0bGvvU,4,2022-03-10T17:00:00Z,FALSE,,https://api.spotify.com/v1/users/,,user,spotify:user:,https://open.spotify.com/user/,,,1,246666,FALSE,FALSE,https://api.spotify.com/v1/tracks/6uL3GeZWgUs1Nlji0bGvvU,FALSE,"Cerita Remaja - Original soundtrack from ""Teluk Alaska""",57,https://p.scdn.co/mp3-preview/f9fc4527e5e8d691a869902cca228611233d9ee0?cid=46f08ee3e7d0421ab91abc12a45cc7b0,TRUE,1,track,spotify:track:6uL3GeZWgUs1Nlji0bGvvU,single,,,https://api.spotify.com/v1/albums/2s249ES0li1t984pnoO5Eb,2s249ES0li1t984pnoO5Eb,,"Cerita Remaja (Original soundtrack from ""Teluk Alaska"")",05-11-21,day,1,album,spotify:album:2s249ES0li1t984pnoO5Eb,https://open.spotify.com/album/2s249ES0li1t984pnoO5Eb,IDA822100128,https://open.spotify.com/track/6uL3GeZWgUs1Nlji0bGvvU,,G,major,G major
37i9dQZF1DWZxM58TRkuqg,Puncak Klasemen,https://i.scdn.co/image/ab67706f0000000372d962577b47cd3044562cc5,Spotify,spotify,0.467,0.261,8,-8.882,1,0.0359,0.872,0,0.0928,0.403,131.128,7Lx5bKWy9JigFauOl9j1JS,https://api.spotify.com/v1/audio-analysis/7Lx5bKWy9JigFauOl9j1JS,4,2022-03-10T17:00:00Z,FALSE,,https://api.spotify.com/v1/users/,,user,spotify:user:,https://open.spotify.com/user/,,,1,199755,FALSE,FALSE,https://api.spotify.com/v1/tracks/7Lx5bKWy9JigFauOl9j1JS,FALSE,Aku Butuh Kamu,57,https://p.scdn.co/mp3-preview/9201ec228b681a5af49ab7b8b84c09eaf911c556?cid=46f08ee3e7d0421ab91abc12a45cc7b0,TRUE,1,track,spotify:track:7Lx5bKWy9JigFauOl9j1JS,single,,,https://api.spotify.com/v1/albums/6tscv5QCeLtiDk3REKRkfr,6tscv5QCeLtiDk3REKRkfr,,Aku Butuh Kamu,12-11-21,day,1,album,spotify:album:6tscv5QCeLtiDk3REKRkfr,https://open.spotify.com/album/6tscv5QCeLtiDk3REKRkfr,IDAC52100060,https://open.spotify.com/track/7Lx5bKWy9JigFauOl9j1JS,,G#,major,G# major
37i9dQZF1DWZxM58TRkuqg,Puncak Klasemen,https://i.scdn.co/image/ab67706f0000000372d962577b47cd3044562cc5,Spotify,spotify,0.721,0.484,9,-8.049,1,0.27,0.798,0.0000186,0.0965,0.551,152.01,57S5BHScJunq9w9Z5Aa0Df,https://api.spotify.com/v1/audio-analysis/57S5BHScJunq9w9Z5Aa0Df,4,2022-03-10T17:00:00Z,FALSE,,https://api.spotify.com/v1/users/,,user,spotify:user:,https://open.spotify.com/user/,,,1,140723,FALSE,FALSE,https://api.spotify.com/v1/tracks/57S5BHScJunq9w9Z5Aa0Df,FALSE,pizza pepperoni,53,https://p.scdn.co/mp3-preview/582a992c302f866d002351f6c6e5e77c6a495e6a?cid=46f08ee3e7d0421ab91abc12a45cc7b0,TRUE,1,track,spotify:track:57S5BHScJunq9w9Z5Aa0Df,single,,,https://api.spotify.com/v1/albums/5UfIQx3mYTyOslGlsPotyL,5UfIQx3mYTyOslGlsPotyL,,pizza pepperoni,28-01-22,day,1,album,spotify:album:5UfIQx3mYTyOslGlsPotyL,https://open.spotify.com/album/5UfIQx3mYTyOslGlsPotyL,IDAA22200206,https://open.spotify.com/track/57S5BHScJunq9w9Z5Aa0Df,,A,major,A major
37i9dQZF1DWZxM58TRkuqg,Puncak Klasemen,https://i.scdn.co/image/ab67706f0000000372d962577b47cd3044562cc5,Spotify,spotify,0.641,0.638,1,-9.975,1,0.214,0.0224,0.0000126,0.22,0.313,174.929,10b0n4KwuRyNteJ9WNjrdj,https://api.spotify.com/v1/audio-analysis/10b0n4KwuRyNteJ9WNjrdj,4,2022-03-10T17:00:00Z,FALSE,,https://api.spotify.com/v1/users/,,user,spotify:user:,https://open.spotify.com/user/,,,1,211306,FALSE,TRUE,https://api.spotify.com/v1/tracks/10b0n4KwuRyNteJ9WNjrdj,FALSE,Getcho Mans,66,https://p.scdn.co/mp3-preview/a8c36cd0ec4fa0374bf1a3de0866fc982e17aea6?cid=46f08ee3e7d0421ab91abc12a45cc7b0,TRUE,3,track,spotify:track:10b0n4KwuRyNteJ9WNjrdj,single,,,https://api.spotify.com/v1/albums/41f4EFQKt0oSJjq8KCClJZ,41f4EFQKt0oSJjq8KCClJZ,,Brightside,20-01-22,day,4,album,spotify:album:41f4EFQKt0oSJjq8KCClJZ,https://open.spotify.com/album/41f4EFQKt0oSJjq8KCClJZ,USWB12105969,https://open.spotify.com/track/10b0n4KwuRyNteJ9WNjrdj,,C#,major,C# major
37i9dQZF1DWZxM58TRkuqg,Puncak Klasemen,https://i.scdn.co/image/ab67706f0000000372d962577b47cd3044562cc5,Spotify,spotify,0.362,0.284,0,-9.837,0,0.0327,0.882,0,0.0961,0.267,79.109,7j01rdHvXniCA8f1x0NTUG,https://api.spotify.com/v1/audio-analysis/7j01rdHvXniCA8f1x0NTUG,4,2022-03-10T17:00:00Z,FALSE,,https://api.spotify.com/v1/users/,,user,spotify:user:,https://open.spotify.com/user/,,,1,199638,FALSE,FALSE,https://api.spotify.com/v1/tracks/7j01rdHvXniCA8f1x0NTUG,FALSE,365,64,,TRUE,1,track,spotify:track:7j01rdHvXniCA8f1x0NTUG,single,,,https://api.spotify.com/v1/albums/66ATAuPBpHYXytPUXzCCwi,66ATAuPBpHYXytPUXzCCwi,,365,21-08-20,day,1,album,spotify:album:66ATAuPBpHYXytPUXzCCwi,https://open.spotify.com/album/66ATAuPBpHYXytPUXzCCwi,IDUM72000053,https://open.spotify.com/track/7j01rdHvXniCA8f1x0NTUG,,C,minor,C minor
37i9dQZF1DWZxM58TRkuqg,Puncak Klasemen,https://i.scdn.co/image/ab67706f0000000372d962577b47cd3044562cc5,Spotify,spotify,0.594,0.369,8,-10.287,1,0.0285,0.825,0.00197,0.0928,0.318,81.829,38t2S5pD0g7wNSYyzjhkL2,https://api.spotify.com/v1/audio-analysis/38t2S5pD0g7wNSYyzjhkL2,4,2022-03-10T17:00:00Z,FALSE,,https://api.spotify.com/v1/users/,,user,spotify:user:,https://open.spotify.com/user/,,,1,197575,FALSE,FALSE,https://api.spotify.com/v1/tracks/38t2S5pD0g7wNSYyzjhkL2,FALSE,Mencinta Hati Yang Tak Cinta,54,,TRUE,1,track,spotify:track:38t2S5pD0g7wNSYyzjhkL2,single,,,https://api.spotify.com/v1/albums/4U5Hj1zhCxlAm1HpHGPo19,4U5Hj1zhCxlAm1HpHGPo19,,Mencinta Hati Yang Tak Cinta,26-11-21,day,1,album,spotify:album:4U5Hj1zhCxlAm1HpHGPo19,https://open.spotify.com/album/4U5Hj1zhCxlAm1HpHGPo19,IDUM72100437,https://open.spotify.com/track/38t2S5pD0g7wNSYyzjhkL2,,G#,major,G# major
37i9dQZF1DWZxM58TRkuqg,Puncak Klasemen,https://i.scdn.co/image/ab67706f0000000372d962577b47cd3044562cc5,Spotify,spotify,0.477,0.485,7,-7.937,1,0.0341,0.584,0.0000337,0.178,0.175,153.839,7eJH04E1jXzPFN9mLdqVRH,https://api.spotify.com/v1/audio-analysis/7eJH04E1jXzPFN9mLdqVRH,3,2022-03-10T17:00:00Z,FALSE,,https://api.spotify.com/v1/users/,,user,spotify:user:,https://open.spotify.com/user/,,,1,244830,FALSE,FALSE,https://api.spotify.com/v1/tracks/7eJH04E1jXzPFN9mLdqVRH,FALSE,Kinari (versi Lovinka Alexander),51,https://p.scdn.co/mp3-preview/2306f2b27245f5eb09891e5e29604ef17671f879?cid=46f08ee3e7d0421ab91abc12a45cc7b0,TRUE,1,track,spotify:track:7eJH04E1jXzPFN9mLdqVRH,single,,,https://api.spotify.com/v1/albums/2c9hDsW4n7VIqw8qk0W3oE,2c9hDsW4n7VIqw8qk0W3oE,,Rapijali: Book Soundtrack,17-12-21,day,1,album,spotify:album:2c9hDsW4n7VIqw8qk0W3oE,https://open.spotify.com/album/2c9hDsW4n7VIqw8qk0W3oE,IDA172101077,https://open.spotify.com/track/7eJH04E1jXzPFN9mLdqVRH,,G,major,G major
37i9dQZF1DWZxM58TRkuqg,Puncak Klasemen,https://i.scdn.co/image/ab67706f0000000372d962577b47cd3044562cc5,Spotify,spotify,0.495,0.523,9,-6.048,1,0.0438,0.241,0,0.325,0.747,199.977,7ki5i2vq1XjABkDz10KSIF,https://api.spotify.com/v1/audio-analysis/7ki5i2vq1XjABkDz10KSIF,3,2022-03-10T17:00:00Z,FALSE,,https://api.spotify.com/v1/users/,,user,spotify:user:,https://open.spotify.com/user/,,,1,200430,FALSE,FALSE,https://api.spotify.com/v1/tracks/7ki5i2vq1XjABkDz10KSIF,FALSE,Tanggung Jawab,55,https://p.scdn.co/mp3-preview/2088190664b9102b9fdc5b6ff291e9aab3a82edd?cid=46f08ee3e7d0421ab91abc12a45cc7b0,TRUE,1,track,spotify:track:7ki5i2vq1XjABkDz10KSIF,single,,,https://api.spotify.com/v1/albums/0dZILZkNcP32xDEN1kpfMr,0dZILZkNcP32xDEN1kpfMr,,Tanggung Jawab,17-12-21,day,1,album,spotify:album:0dZILZkNcP32xDEN1kpfMr,https://open.spotify.com/album/0dZILZkNcP32xDEN1kpfMr,IDA162100504,https://open.spotify.com/track/7ki5i2vq1XjABkDz10KSIF,,A,major,A major
